Date,Total Streams,Total Hours,Unique Tracks,Unique Artists,Day of Week
2018-10-29,14,0.6734652777777778,13,13,Monday
2018-11-11,2,0.0006616666666666666,2,2,Sunday
2018-11-17,1,0.01256138888888889,1,1,Saturday
2018-11-23,2,0.040703611111111114,2,2,Friday
2018-11-25,33,0.6782047222222222,27,21,Sunday
2018-11-26,26,0.7953819444444444,23,23,Monday
2018-12-02,3,0.023774444444444445,2,2,Sunday
2018-12-14,1,0.011731666666666666,1,1,Friday
2018-12-16,8,0.02650111111111111,8,3,Sunday
2019-01-25,3,0.002841666666666667,2,1,Friday
2019-02-06,1,0.013269444444444445,1,1,Wednesday
2019-02-26,16,0.8710108333333333,13,6,Tuesday
2019-02-27,92,3.0395422222222224,68,40,Wednesday
2019-02-28,40,2.003312222222222,30,23,Thursday
2019-03-01,46,1.2601130555555555,21,14,Friday
2019-03-02,144,1.8403730555555555,105,52,Saturday
2019-03-03,75,2.2862038888888887,51,33,Sunday
2019-03-04,6,0.17285444444444445,6,5,Monday
2019-03-05,17,0.991736111111111,17,17,Tuesday
2019-03-06,57,2.601503611111111,31,25,Wednesday
2019-03-07,96,2.168878888888889,69,58,Thursday
2019-03-08,132,0.42995527777777776,97,59,Friday
2019-03-09,110,2.234964722222222,95,79,Saturday
2019-03-10,63,0.9792519444444444,48,47,Sunday
2019-03-11,27,0.814491388888889,20,16,Monday
2019-03-12,38,1.8864369444444444,36,35,Tuesday
2019-03-13,35,1.3525272222222222,32,12,Wednesday
2019-03-14,7,0.1666747222222222,6,3,Thursday
2019-03-15,29,1.2637891666666667,25,15,Friday
2019-03-16,49,2.5274236111111112,45,43,Saturday
2019-03-17,25,0.8556177777777778,23,19,Sunday
2019-03-18,1,0.002425,1,1,Monday
2019-03-19,52,1.6577941666666667,36,15,Tuesday
2019-03-20,127,4.864582222222222,102,66,Wednesday
2019-03-21,38,1.4924463888888888,32,18,Thursday
2019-03-22,20,0.9218313888888889,20,20,Friday
2019-03-23,12,0.4999786111111111,12,12,Saturday
2019-03-24,48,2.829211388888889,48,47,Sunday
2019-03-25,72,0.5794241666666666,70,65,Monday
2019-03-26,86,2.2031769444444445,41,10,Tuesday
2019-03-27,53,2.024066388888889,29,22,Wednesday
2019-03-28,33,1.7913266666666667,33,29,Thursday
2019-03-29,37,1.7925936111111112,24,24,Friday
2019-03-30,41,2.0948819444444444,39,32,Saturday
2019-03-31,5,0.14733833333333335,5,5,Sunday
2019-04-01,76,2.4532202777777776,69,45,Monday
2019-04-02,40,1.5614530555555555,36,33,Tuesday
2019-04-03,58,2.3040316666666665,48,33,Wednesday
2019-04-04,51,3.205483611111111,40,15,Thursday
2019-04-05,40,2.198081111111111,34,28,Friday
2019-04-06,15,0.9899352777777778,15,11,Saturday
2019-04-07,36,1.4070555555555555,26,23,Sunday
2019-04-08,30,1.7874252777777777,24,11,Monday
2019-04-09,4,0.11752222222222222,3,3,Tuesday
2019-04-10,75,1.9144536111111112,53,42,Wednesday
2019-04-11,177,3.7117216666666666,132,76,Thursday
2019-04-12,133,2.9496297222222223,112,77,Friday
2019-04-13,38,0.4850069444444444,35,27,Saturday
2019-04-14,5,0.20730500000000002,5,5,Sunday
2019-04-15,11,0.5340975,10,10,Monday
2019-04-16,85,4.508445,70,59,Tuesday
2019-04-17,19,0.7562955555555555,17,17,Wednesday
2019-04-18,26,1.0335544444444444,23,11,Thursday
2019-04-19,5,0.3219822222222222,5,4,Friday
2019-04-20,60,2.590486388888889,32,20,Saturday
2019-04-22,145,3.466457777777778,114,67,Monday
2019-04-23,1,0.029219444444444444,1,1,Tuesday
2019-04-24,33,0.26975666666666664,31,25,Wednesday
2019-04-25,8,0.17294416666666668,8,6,Thursday
2019-04-26,35,1.1883477777777778,31,28,Friday
2019-04-28,6,0.15203777777777777,6,6,Sunday
2019-04-29,11,0.35694555555555557,11,10,Monday
2019-04-30,48,0.9850161111111111,47,44,Tuesday
2019-05-01,17,0.7466752777777778,17,15,Wednesday
2019-05-02,99,1.172963888888889,97,84,Thursday
2019-05-03,89,1.4045727777777777,61,61,Friday
2019-05-04,33,0.8437091666666666,22,21,Saturday
2019-05-05,1,0.014822222222222223,1,1,Sunday
2019-05-07,3,0.15583833333333333,2,2,Tuesday
2019-05-08,1,0.010009722222222222,1,1,Wednesday
2019-05-10,39,0.36226888888888886,31,24,Friday
2019-05-11,28,1.2966122222222223,25,22,Saturday
2019-05-14,36,1.6756427777777778,30,30,Tuesday
2019-05-15,23,0.8242169444444445,20,20,Wednesday
2019-05-16,2,0.048232222222222225,2,2,Thursday
2019-05-17,3,0.034548055555555554,3,3,Friday
2019-05-18,286,4.560445277777777,186,135,Saturday
2019-05-19,50,1.7145161111111111,36,34,Sunday
2019-05-20,42,2.074660277777778,39,29,Monday
2019-05-21,79,4.351123888888889,75,46,Tuesday
2019-05-22,101,5.485566666666666,89,64,Wednesday
2019-05-23,30,1.5557077777777777,28,25,Thursday
2019-05-24,118,6.348356944444444,107,57,Friday
2019-05-25,95,5.249138888888889,69,54,Saturday
2019-05-26,106,1.3031613888888889,88,79,Sunday
2019-05-27,35,1.7254944444444444,24,23,Monday
2019-05-28,51,1.4439977777777777,45,43,Tuesday
2019-05-29,15,0.6615822222222222,12,12,Wednesday
2019-05-30,31,1.561003611111111,26,20,Thursday
2019-05-31,82,4.186908888888889,68,66,Friday
2019-06-01,4,0.17399944444444446,4,3,Saturday
2019-06-03,2,0.12617277777777777,2,2,Monday
2019-06-05,55,0.6166822222222222,19,14,Wednesday
2019-06-06,1,0.02411111111111111,1,1,Thursday
2019-06-07,61,3.0170008333333334,52,47,Friday
2019-06-08,10,0.2378811111111111,9,8,Saturday
2019-06-09,25,1.1243152777777778,23,17,Sunday
2019-06-10,39,1.4521725,36,29,Monday
2019-06-11,65,2.5345958333333334,45,35,Tuesday
2019-06-12,16,0.811643611111111,16,14,Wednesday
2019-06-14,51,2.871325833333333,44,36,Friday
2019-06-15,2,0.07570555555555555,2,2,Saturday
2019-06-17,49,0.4228530555555555,38,31,Monday
2019-06-18,46,2.2213475,28,23,Tuesday
2019-06-19,34,1.5631211111111112,30,27,Wednesday
2019-06-20,12,0.6053077777777778,12,10,Thursday
2019-06-21,42,2.321374722222222,29,24,Friday
2019-06-22,30,1.594486388888889,30,25,Saturday
2019-06-23,50,2.922994166666667,30,25,Sunday
2019-06-24,2,0.037394166666666666,2,2,Monday
2019-06-25,3,0.005226111111111111,3,3,Tuesday
2019-06-26,1,0.001635,1,1,Wednesday
2019-06-27,36,1.5428930555555556,34,28,Thursday
2019-06-30,32,1.3390794444444445,29,24,Sunday
2019-07-01,15,0.8989569444444445,14,14,Monday
2019-07-02,26,1.4761169444444444,26,22,Tuesday
2019-07-03,20,1.0946755555555556,20,18,Wednesday
2019-07-04,34,1.3959633333333334,27,23,Thursday
2019-07-05,31,2.106773611111111,30,20,Friday
2019-07-07,7,0.36145444444444447,7,7,Sunday
2019-07-10,25,0.23136361111111112,21,19,Wednesday
2019-07-13,1,0.04170444444444445,1,1,Saturday
2019-07-14,143,1.4887880555555555,117,99,Sunday
2019-07-15,35,2.009273611111111,30,30,Monday
2019-07-16,11,0.7160333333333333,10,7,Tuesday
2019-07-17,33,1.4981766666666667,29,26,Wednesday
2019-07-18,31,1.5706405555555556,30,23,Thursday
2019-07-19,31,1.0921202777777779,29,21,Friday
2019-07-20,7,0.06073,7,6,Saturday
2019-07-21,49,2.572391111111111,36,29,Sunday
2019-07-22,14,0.8291322222222223,13,13,Monday
2019-07-23,24,1.2765816666666667,24,22,Tuesday
2019-07-24,19,1.2212769444444445,19,19,Wednesday
2019-07-25,12,0.6329069444444445,11,10,Thursday
2019-07-26,89,2.984299722222222,76,55,Friday
2019-07-27,102,6.306611388888889,81,67,Saturday
2019-07-28,121,6.084248611111111,114,73,Sunday
2019-07-29,56,2.4417,54,42,Monday
2019-07-30,36,1.4894261111111111,36,21,Tuesday
2019-07-31,7,0.3348716666666667,7,7,Wednesday
2019-08-01,8,0.27942833333333333,8,8,Thursday
2019-08-02,47,2.126196111111111,39,29,Friday
2019-08-03,7,0.38882694444444443,7,7,Saturday
2019-08-04,27,1.3858733333333333,24,21,Sunday
2019-08-05,122,6.048097777777778,104,77,Monday
2019-08-06,163,1.9744927777777779,87,99,Tuesday
2019-08-07,79,2.970345555555556,52,37,Wednesday
2019-08-08,7,0.3890702777777778,6,6,Thursday
2019-08-09,75,3.542563611111111,72,51,Friday
2019-08-10,47,2.4723883333333334,43,43,Saturday
2019-08-11,22,1.328945,19,19,Sunday
2019-08-12,91,3.8848113888888887,84,42,Monday
2019-08-13,79,2.506118611111111,70,27,Tuesday
2019-08-14,92,4.414707777777778,47,5,Wednesday
2019-08-15,48,2.2120502777777777,34,7,Thursday
2019-08-16,16,0.6116522222222223,12,9,Friday
2019-08-17,60,2.7147633333333334,34,7,Saturday
2019-08-18,42,2.018791111111111,38,29,Sunday
2019-08-19,16,0.7080744444444445,15,15,Monday
2019-08-22,7,0.29385527777777776,7,6,Thursday
2019-08-23,39,1.6654158333333333,20,2,Friday
2019-08-24,9,0.43069305555555554,8,2,Saturday
2019-08-25,3,0.11298583333333333,3,2,Sunday
2019-08-26,72,2.8733805555555554,62,51,Monday
2019-08-27,54,1.6499322222222221,50,35,Tuesday
2019-08-28,2,0.10026416666666667,2,2,Wednesday
2019-08-29,35,1.7137252777777778,34,13,Thursday
2019-08-30,14,0.5784438888888889,13,8,Friday
2019-08-31,30,1.1956938888888888,27,17,Saturday
2019-09-01,14,0.57096,12,2,Sunday
2019-09-02,207,4.425132777777778,179,89,Monday
2019-09-03,52,2.2149794444444444,48,17,Tuesday
2019-09-05,55,2.517414722222222,48,35,Thursday
2019-09-06,23,1.2412416666666666,23,21,Friday
2019-09-07,72,3.915336388888889,68,23,Saturday
2019-09-08,28,1.6773522222222224,28,19,Sunday
2019-09-09,4,0.26645027777777774,2,2,Monday
2019-09-10,6,0.5805663888888889,4,1,Tuesday
2019-09-11,34,1.8505633333333333,33,8,Wednesday
2019-09-12,96,5.231331111111111,70,44,Thursday
2019-09-13,57,3.0431886111111113,42,34,Friday
2019-09-14,41,2.5317530555555554,36,26,Saturday
2019-09-15,27,1.1478416666666666,19,15,Sunday
2019-09-16,1,0.045136666666666665,1,1,Monday
2019-09-17,19,1.015926388888889,16,15,Tuesday
2019-09-18,7,0.39552611111111113,6,6,Wednesday
2019-09-19,19,1.0740225,18,9,Thursday
2019-09-20,1,0.08531305555555556,1,1,Friday
2019-09-21,24,0.9933202777777778,24,8,Saturday
2019-09-22,3,0.031161111111111108,2,2,Sunday
2019-09-24,60,2.419516111111111,59,57,Tuesday
2019-09-25,1,0.026240555555555555,1,1,Wednesday
2019-09-26,63,3.468963611111111,58,37,Thursday
2019-09-27,32,1.5027775,31,31,Friday
2019-10-01,1,0.05177222222222222,1,1,Tuesday
2019-10-02,1,0.0013013888888888888,1,1,Wednesday
2019-10-04,43,2.1524794444444444,42,20,Friday
2019-10-05,27,1.3922225,24,13,Saturday
2019-10-06,55,2.5518388888888888,52,36,Sunday
2019-10-07,34,1.6166747222222222,33,31,Monday
2019-10-08,33,2.2446091666666668,33,24,Tuesday
2019-10-09,77,4.140322777777778,55,32,Wednesday
2019-10-10,47,2.261105833333333,35,11,Thursday
2019-10-11,111,5.186915277777778,76,51,Friday
2019-10-12,22,1.2724722222222222,20,19,Saturday
2019-10-13,53,3.0835705555555557,49,36,Sunday
2019-10-14,64,3.507596111111111,60,33,Monday
2019-10-15,128,6.362833333333334,103,77,Tuesday
2019-10-16,84,4.297805555555556,47,19,Wednesday
2019-10-17,66,3.5677552777777777,61,28,Thursday
2019-10-18,92,4.288208055555556,65,28,Friday
2019-10-19,78,2.7202841666666666,65,61,Saturday
2019-10-20,32,1.8803133333333333,27,27,Sunday
2019-10-21,7,0.28658972222222223,6,3,Monday
2019-10-22,225,5.3670975,179,105,Tuesday
2019-10-23,39,1.8075352777777778,32,20,Wednesday
2019-10-24,122,6.764335,89,42,Thursday
2019-10-25,89,3.6471466666666665,75,66,Friday
2019-10-26,49,2.271132777777778,42,27,Saturday
2019-10-27,47,2.101846111111111,32,29,Sunday
2019-10-28,48,2.357198888888889,42,39,Monday
2019-10-29,14,0.2633477777777778,12,7,Tuesday
2019-10-30,100,3.629605,67,42,Wednesday
2019-10-31,125,6.460714444444444,82,74,Thursday
2019-11-01,137,6.35412,112,90,Friday
2019-11-02,86,4.596600555555556,66,40,Saturday
2019-11-03,124,6.702975833333333,110,41,Sunday
2019-11-04,146,7.204582222222222,113,64,Monday
2019-11-05,33,1.3623058333333333,20,18,Tuesday
2019-11-06,34,1.2480775,9,8,Wednesday
2019-11-07,94,4.309773611111111,52,31,Thursday
2019-11-08,71,3.3430241666666665,62,33,Friday
2019-11-09,78,3.328775277777778,65,46,Saturday
2019-11-10,1,0.03728416666666667,1,1,Sunday
2019-11-11,21,0.9857633333333333,18,15,Monday
2019-11-12,7,0.34889555555555557,7,3,Tuesday
2019-11-13,29,1.4017444444444445,26,5,Wednesday
2019-11-14,78,2.4390141666666665,39,26,Thursday
2019-11-15,52,2.3402569444444445,33,27,Friday
2019-11-16,45,2.232608888888889,31,29,Saturday
2019-11-17,37,1.9298077777777778,27,26,Sunday
2019-11-18,129,3.9517633333333335,116,61,Monday
2019-11-19,42,2.3463544444444446,42,39,Tuesday
2019-11-20,3,0.0738775,3,3,Wednesday
2019-11-21,24,0.8502016666666666,22,13,Thursday
2019-11-22,4,0.3537958333333333,2,1,Friday
2019-11-23,17,1.1513938888888888,11,4,Saturday
2019-11-24,39,1.6637122222222223,25,20,Sunday
2019-11-25,20,1.1036533333333334,18,13,Monday
2019-11-27,25,1.1929575,25,24,Wednesday
2019-11-29,29,1.162088888888889,18,17,Friday
2019-11-30,25,1.35538,23,21,Saturday
2019-12-01,7,0.14953027777777778,3,3,Sunday
2019-12-02,45,2.2232452777777776,23,18,Monday
2019-12-03,20,0.7384261111111111,17,8,Tuesday
2019-12-04,14,0.53534,13,11,Wednesday
2019-12-05,26,0.7878444444444445,22,17,Thursday
2019-12-06,71,3.3976497222222224,60,48,Friday
2019-12-07,11,0.6750008333333334,11,9,Saturday
2019-12-08,18,0.8987827777777777,16,16,Sunday
2019-12-09,29,1.5552197222222222,26,26,Monday
2019-12-10,37,1.8654125,33,22,Tuesday
2019-12-11,20,1.1147927777777777,19,19,Wednesday
2019-12-12,74,3.9020980555555553,73,46,Thursday
2019-12-13,84,3.6706716666666668,71,56,Friday
2019-12-14,2,0.07204416666666667,1,1,Saturday
2019-12-15,67,3.0479091666666664,64,41,Sunday
2019-12-16,11,0.5532905555555556,10,3,Monday
2019-12-18,14,0.6759716666666666,12,3,Wednesday
2019-12-19,29,1.2247247222222222,24,19,Thursday
2019-12-20,37,1.6651727777777778,28,20,Friday
2019-12-21,6,0.20265638888888887,6,6,Saturday
2019-12-22,17,0.8001316666666667,11,8,Sunday
2019-12-23,19,0.9016455555555556,12,9,Monday
2019-12-24,49,1.9168341666666666,39,30,Tuesday
2019-12-25,24,1.309646111111111,24,18,Wednesday
2019-12-26,30,1.4024916666666667,25,23,Thursday
2019-12-27,26,0.9963272222222223,20,15,Friday
2019-12-28,25,1.1935633333333333,24,20,Saturday
2019-12-29,26,1.5545686111111112,26,15,Sunday
2019-12-30,43,1.8948519444444445,38,35,Monday
2019-12-31,29,1.5174955555555556,28,22,Tuesday
2020-01-02,73,3.6258061111111113,56,47,Thursday
2020-01-03,8,0.3946355555555556,7,4,Friday
2020-01-04,22,1.2503627777777777,18,11,Saturday
2020-01-05,84,3.1890716666666665,65,44,Sunday
2020-01-06,31,0.8702213888888889,17,12,Monday
2020-01-07,1,0.0002111111111111111,1,1,Tuesday
2020-01-08,50,2.890003888888889,48,22,Wednesday
2020-01-09,46,2.5097461111111112,33,20,Thursday
2020-01-10,20,1.0264372222222222,16,4,Friday
2020-01-12,102,4.785195555555555,15,10,Sunday
2020-01-13,57,2.7672375000000002,22,15,Monday
2020-01-14,37,1.3138302777777777,34,18,Tuesday
2020-01-15,26,1.0709111111111111,15,11,Wednesday
2020-01-16,78,3.4122175,45,29,Thursday
2020-01-17,113,4.739448055555555,61,30,Friday
2020-01-18,32,1.3107194444444445,18,14,Saturday
2020-01-19,50,2.129802222222222,28,24,Sunday
2020-01-20,57,2.9569444444444444,46,34,Monday
2020-01-21,28,1.5048047222222223,26,24,Tuesday
2020-01-22,43,2.027125277777778,32,24,Wednesday
2020-01-23,19,0.7369980555555555,15,11,Thursday
2020-01-24,25,1.2957188888888889,13,11,Friday
2020-01-25,28,1.40433,23,8,Saturday
2020-01-26,1,0.022281111111111113,1,1,Sunday
2020-01-27,30,1.9257380555555557,17,6,Monday
2020-01-28,62,3.2304072222222224,35,21,Tuesday
2020-01-29,19,1.0358655555555556,15,12,Wednesday
2020-01-30,17,0.8738958333333333,11,6,Thursday
2020-01-31,20,0.6704591666666667,13,13,Friday
2020-02-01,47,2.098251388888889,33,33,Saturday
2020-02-02,42,2.2370183333333333,27,18,Sunday
2020-02-03,74,3.18674,68,21,Monday
2020-02-04,30,1.369831388888889,26,5,Tuesday
2020-02-05,45,2.4967205555555556,42,41,Wednesday
2020-02-06,24,1.17944,24,19,Thursday
2020-02-07,1,0.011569444444444445,1,1,Friday
2020-02-08,1,0.008863055555555556,1,1,Saturday
2020-02-09,15,0.7588083333333333,15,12,Sunday
2020-02-10,58,2.939595277777778,54,35,Monday
2020-02-11,48,1.3547741666666666,43,21,Tuesday
2020-02-12,28,1.3401013888888889,13,8,Wednesday
2020-02-13,79,2.9568908333333335,60,40,Thursday
2020-02-14,39,2.1114419444444446,34,22,Friday
2020-02-15,2,0.10209805555555557,2,2,Saturday
2020-02-16,280,2.2201719444444445,199,82,Sunday
2020-02-17,33,1.332983611111111,29,25,Monday
2020-02-18,16,0.8027347222222222,13,10,Tuesday
2020-02-19,26,1.059425,23,13,Wednesday
2020-02-20,57,2.2327447222222223,46,35,Thursday
2020-02-21,157,1.8202705555555556,112,51,Friday
2020-02-22,38,1.6498863888888888,27,21,Saturday
2020-02-23,24,1.0633441666666668,22,16,Sunday
2020-02-24,9,0.38969333333333334,8,5,Monday
2020-02-25,5,0.3062575,5,3,Tuesday
2020-02-26,25,1.1690594444444444,22,22,Wednesday
2020-02-27,56,2.2660675,43,32,Thursday
2020-02-28,57,2.424326111111111,51,29,Friday
2020-02-29,18,0.9509044444444444,16,13,Saturday
2020-03-01,77,2.838646388888889,73,48,Sunday
2020-03-02,9,0.3825397222222222,8,7,Monday
2020-03-03,91,4.7392586111111115,89,52,Tuesday
2020-03-04,29,1.4221755555555555,26,20,Wednesday
2020-03-05,17,0.8795391666666666,17,15,Thursday
2020-03-06,12,0.5589786111111111,11,10,Friday
2020-03-11,16,0.8162477777777778,16,15,Wednesday
2020-03-12,23,0.9069519444444445,6,4,Thursday
2020-03-13,53,2.25591,39,35,Friday
2020-03-14,50,2.071092777777778,48,43,Saturday
2020-03-15,51,2.082205,50,48,Sunday
2020-03-16,70,3.338499166666667,58,17,Monday
2020-03-17,1,0.01710722222222222,1,1,Tuesday
2020-03-18,7,0.14743944444444446,7,7,Wednesday
2020-03-19,35,1.6380055555555555,26,26,Thursday
2020-03-20,34,1.407841111111111,29,29,Friday
2020-03-21,36,1.1350594444444444,17,14,Saturday
2020-03-24,58,3.0756625,53,45,Tuesday
2020-03-25,93,4.055508888888889,83,72,Wednesday
2020-03-26,20,0.7546822222222223,18,18,Thursday
2020-03-27,41,1.8459794444444444,36,31,Friday
2020-03-28,66,3.447183611111111,58,53,Saturday
2020-03-29,28,1.1533241666666667,26,21,Sunday
2020-03-31,17,0.9385169444444444,17,17,Tuesday
2020-04-01,37,0.175005,33,28,Wednesday
2020-04-02,22,0.9972219444444445,21,9,Thursday
2020-04-03,30,1.6471108333333333,29,22,Friday
2020-04-04,50,2.0583125,43,37,Saturday
2020-04-05,68,2.087220277777778,58,17,Sunday
2020-04-06,36,1.6827183333333333,35,31,Monday
2020-04-07,14,0.7014905555555555,13,6,Tuesday
2020-04-08,41,2.139085277777778,40,25,Wednesday
2020-04-09,8,0.3235272222222222,7,7,Thursday
2020-04-10,6,0.21032416666666667,5,5,Friday
2020-04-11,51,3.074774722222222,47,15,Saturday
2020-04-12,16,0.8204905555555556,14,8,Sunday
2020-04-14,31,1.3087558333333333,27,10,Tuesday
2020-04-15,5,0.25470916666666665,5,2,Wednesday
2020-04-17,1,0.006236944444444444,1,1,Friday
2020-04-18,1,0.05905055555555556,1,1,Saturday
2020-04-19,39,2.6826327777777776,38,6,Sunday
2020-04-20,88,4.394201111111111,81,52,Monday
2020-04-21,87,4.488036111111111,79,59,Tuesday
2020-04-22,89,5.04586,79,66,Wednesday
2020-04-23,36,2.0016825,31,30,Thursday
2020-04-24,73,3.3207327777777778,63,59,Friday
2020-04-25,13,0.6078608333333333,12,12,Saturday
2020-04-26,89,3.8392227777777777,75,55,Sunday
2020-04-27,5,0.2588872222222222,5,2,Monday
2020-04-28,66,2.9288705555555556,64,43,Tuesday
2020-04-29,12,0.6605130555555556,12,9,Wednesday
2020-04-30,14,0.4305791666666667,14,9,Thursday
2020-05-02,15,0.9565422222222222,14,14,Saturday
2020-05-04,12,0.38742027777777777,12,6,Monday
2020-05-05,84,3.7109408333333334,83,68,Tuesday
2020-05-06,31,1.4614744444444445,28,22,Wednesday
2020-05-07,30,1.1183725,21,5,Thursday
2020-05-08,22,1.2176769444444444,5,5,Friday
2020-05-09,25,1.2880155555555555,25,17,Saturday
2020-05-10,12,0.6565355555555555,12,9,Sunday
2020-05-11,118,2.390065,111,94,Monday
2020-05-12,8,0.1985636111111111,6,6,Tuesday
2020-05-13,32,1.2827727777777778,32,29,Wednesday
2020-05-15,7,0.09513166666666667,6,2,Friday
2020-05-16,1,0.0003111111111111111,1,1,Saturday
2020-05-17,10,0.6769836111111112,10,9,Sunday
2020-05-18,7,0.2464888888888889,7,7,Monday
2020-05-19,30,0.7845358333333333,21,14,Tuesday
2020-05-20,70,2.4496183333333335,41,35,Wednesday
2020-05-21,32,1.3451772222222222,23,17,Thursday
2020-05-22,54,2.4907013888888887,28,17,Friday
2020-05-23,49,2.622875,44,39,Saturday
2020-05-24,42,2.0877447222222223,19,12,Sunday
2020-05-25,17,0.8235491666666667,17,13,Monday
2020-05-26,13,0.6493358333333333,8,6,Tuesday
2020-05-27,2,0.04236527777777777,2,2,Wednesday
2020-05-28,15,0.7524147222222223,15,11,Thursday
2020-05-29,31,1.5969802777777777,28,18,Friday
2020-05-30,8,0.3163038888888889,8,6,Saturday
2020-05-31,3,0.055375,2,2,Sunday
2020-06-01,2,0.11028833333333334,2,2,Monday
2020-06-02,35,1.6589497222222223,28,23,Tuesday
2020-06-03,2,0.11527472222222222,2,2,Wednesday
2020-06-04,25,1.1073355555555555,24,24,Thursday
2020-06-06,11,0.6618972222222222,11,9,Saturday
2020-06-07,62,0.3214286111111111,50,47,Sunday
2020-06-09,20,1.186541388888889,16,15,Tuesday
2020-06-10,1,0.04636055555555556,1,1,Wednesday
2020-06-15,23,1.261146388888889,23,20,Monday
2020-06-16,5,0.18021333333333334,5,5,Tuesday
2020-06-17,12,0.5155041666666667,11,11,Wednesday
2020-06-19,12,0.41152777777777777,12,9,Friday
2020-06-20,1,0.005055555555555555,1,1,Saturday
2020-06-21,34,2.1166525,32,15,Sunday
2020-06-22,15,1.0711727777777778,15,2,Monday
2020-06-23,4,0.10829916666666667,4,3,Tuesday
2020-06-24,4,0.2361738888888889,4,2,Wednesday
2020-06-28,25,1.2741194444444444,22,21,Sunday
2020-06-29,1,0.004864166666666667,1,1,Monday
2020-07-01,4,0.23259249999999998,4,4,Wednesday
2020-07-02,4,0.1748486111111111,4,3,Thursday
2020-07-03,24,0.7594194444444444,20,17,Friday
2020-07-04,16,0.3936008333333333,14,13,Saturday
2020-07-05,171,3.5950897222222222,78,57,Sunday
2020-07-06,16,0.5332291666666666,13,7,Monday
2020-07-07,45,2.092605277777778,41,36,Tuesday
2020-07-08,111,1.7507505555555556,104,21,Wednesday
2020-07-09,13,0.5491983333333333,13,10,Thursday
2020-07-10,10,0.5620036111111111,10,8,Friday
2020-07-11,139,4.1658655555555555,131,58,Saturday
2020-07-12,48,1.6945783333333333,39,32,Sunday
2020-07-13,1,0.04292722222222222,1,1,Monday
2020-07-14,89,2.639215833333333,87,65,Tuesday
2020-07-15,69,3.2476530555555554,40,23,Wednesday
2020-07-16,50,2.0205880555555553,24,18,Thursday
2020-07-17,74,3.8283508333333334,48,35,Friday
2020-07-18,1,0.03622638888888889,1,1,Saturday
2020-07-19,7,0.19975944444444443,6,3,Sunday
2020-07-20,1,0.023635,1,1,Monday
2020-07-21,38,1.4178616666666666,26,12,Tuesday
2020-07-22,80,3.3764775,79,64,Wednesday
2020-07-23,36,1.2888025,31,29,Thursday
2020-07-24,55,2.789641666666667,40,22,Friday
2020-07-25,100,1.9163258333333333,77,34,Saturday
2020-07-26,28,1.5193955555555556,26,11,Sunday
2020-07-27,27,1.1597211111111112,22,11,Monday
2020-07-28,17,0.87487,12,5,Tuesday
2020-07-29,10,0.5223041666666667,9,5,Wednesday
2020-07-30,4,0.18246,4,3,Thursday
2020-07-31,80,4.470231666666667,69,31,Friday
2020-08-01,114,6.261743055555556,84,36,Saturday
2020-08-02,22,1.3409505555555556,12,7,Sunday
2020-08-03,88,4.723906388888889,78,43,Monday
2020-08-04,18,1.1284905555555556,18,15,Tuesday
2020-08-05,39,2.9809480555555554,36,13,Wednesday
2020-08-06,19,1.0035575,19,10,Thursday
2020-08-07,45,2.417853611111111,45,30,Friday
2020-08-08,19,0.9969852777777778,19,19,Saturday
2020-08-09,1,0.01594138888888889,1,1,Sunday
2020-08-10,77,3.266058611111111,65,32,Monday
2020-08-13,57,3.156314722222222,55,41,Thursday
2020-08-14,2,0.060172777777777776,2,2,Friday
2020-08-15,8,0.29735805555555556,8,8,Saturday
2020-08-16,15,0.6829408333333333,14,2,Sunday
2020-08-17,9,0.24685333333333334,8,1,Monday
2020-08-19,16,0.687565,16,4,Wednesday
2020-08-20,23,1.3245677777777778,21,4,Thursday
2020-08-21,4,0.1962025,4,1,Friday
2020-08-22,8,0.6889177777777777,8,8,Saturday
2020-08-23,47,1.7477316666666667,45,37,Sunday
2020-08-24,13,0.8144169444444445,11,9,Monday
2020-08-25,12,0.7402722222222222,10,8,Tuesday
2020-08-26,1,0.05678472222222222,1,1,Wednesday
2020-08-27,23,1.026418888888889,15,6,Thursday
2020-08-28,30,1.6061283333333334,26,16,Friday
2020-08-29,13,0.6735283333333333,12,7,Saturday
2020-08-30,13,0.8679775000000001,10,4,Sunday
2020-08-31,10,0.4849352777777778,8,3,Monday
2020-09-01,23,1.1877527777777779,23,16,Tuesday
2020-09-02,49,2.6923608333333333,47,20,Wednesday
2020-09-03,16,0.5231136111111111,15,7,Thursday
2020-09-04,2,0.07527666666666666,1,1,Friday
2020-09-05,63,3.344283888888889,44,20,Saturday
2020-09-06,34,1.90977,32,20,Sunday
2020-09-07,90,4.3548875,80,48,Monday
2020-09-08,97,5.9568811111111115,93,47,Tuesday
2020-09-09,37,2.0270116666666667,32,22,Wednesday
2020-09-10,24,1.1503725,18,14,Thursday
2020-09-11,20,0.9155561111111111,18,14,Friday
2020-09-12,119,6.4936225,110,73,Saturday
2020-09-13,26,1.1210947222222223,22,11,Sunday
2020-09-14,69,4.055383611111111,47,27,Monday
2020-09-15,55,3.087571111111111,52,37,Tuesday
2020-09-16,26,1.4967366666666666,24,20,Wednesday
2020-09-17,7,0.4006836111111111,6,2,Thursday
2020-09-18,53,2.5604008333333335,40,21,Friday
2020-09-19,52,3.0991394444444444,48,30,Saturday
2020-09-20,16,0.9567630555555555,15,14,Sunday
2020-09-21,24,1.4729205555555556,23,15,Monday
2020-09-22,43,2.2277130555555558,41,30,Tuesday
2020-09-23,11,0.5766725,10,9,Wednesday
2020-09-24,55,3.2044119444444443,52,34,Thursday
2020-09-25,1,0.012680833333333334,1,1,Friday
2020-09-26,67,3.848599166666667,59,33,Saturday
2020-09-27,8,0.47978805555555554,7,6,Sunday
2020-09-30,14,0.6395394444444444,14,10,Wednesday
2020-10-01,2,0.05019722222222222,2,1,Thursday
2020-10-02,1,0.053913888888888886,1,1,Friday
2020-10-03,51,2.8610663888888888,43,22,Saturday
2020-10-04,34,2.134250277777778,33,19,Sunday
2020-10-05,3,0.05335583333333333,2,2,Monday
2020-10-06,27,1.58334,26,20,Tuesday
2020-10-07,43,2.3618266666666665,40,29,Wednesday
2020-10-08,12,0.7250197222222222,10,7,Thursday
2020-10-09,23,1.3694377777777778,22,17,Friday
2020-10-10,27,1.8926322222222223,21,3,Saturday
2020-10-11,26,1.7756097222222222,19,1,Sunday
2020-10-12,12,0.7589994444444444,12,7,Monday
2020-10-13,1,0.03948861111111111,1,1,Tuesday
2020-10-14,16,0.48985416666666665,15,14,Wednesday
2020-10-15,5,0.23142694444444442,4,4,Thursday
2020-10-16,1,0.02666111111111111,1,1,Friday
2020-10-17,19,1.2748519444444444,18,16,Saturday
2020-10-18,44,2.3539647222222224,42,25,Sunday
2020-10-19,29,1.670316388888889,27,21,Monday
2020-10-20,32,1.6130891666666667,26,17,Tuesday
2020-10-21,1,0.05137,1,1,Wednesday
2020-10-22,41,2.3170080555555557,39,25,Thursday
2020-10-23,12,0.5950627777777777,11,10,Friday
2020-10-24,6,0.28916444444444445,5,5,Saturday
2020-10-25,22,0.957395,22,18,Sunday
2020-10-26,3,0.11961527777777778,3,3,Monday
2020-10-28,15,0.7519786111111111,13,12,Wednesday
2020-10-29,20,1.0337294444444445,19,13,Thursday
2020-10-30,4,0.4187402777777778,4,4,Friday
2020-10-31,2,0.1306761111111111,2,2,Saturday
2020-11-02,5,0.4188252777777778,4,4,Monday
2020-11-03,39,2.2882788888888888,22,13,Tuesday
2020-11-04,41,2.358032777777778,27,7,Wednesday
2020-11-05,22,1.355096388888889,21,17,Thursday
2020-11-06,35,2.0419947222222223,31,25,Friday
2020-11-08,4,0.21890805555555554,4,2,Sunday
2020-11-09,1,0.046047222222222225,1,1,Monday
2020-11-10,27,1.7212177777777777,23,17,Tuesday
2020-11-11,42,2.1623397222222223,37,29,Wednesday
2020-11-12,22,1.232183888888889,20,18,Thursday
2020-11-13,9,0.3521813888888889,8,5,Friday
2020-11-15,23,1.3589027777777778,22,19,Sunday
2020-11-16,27,1.5849127777777778,26,16,Monday
2020-11-17,38,2.7124747222222223,32,21,Tuesday
2020-11-18,21,1.3653283333333333,19,13,Wednesday
2020-11-19,30,1.443408611111111,29,8,Thursday
2020-11-20,60,3.5174577777777776,47,24,Friday
2020-11-21,18,1.0222069444444444,17,10,Saturday
2020-11-22,10,0.4557988888888889,9,8,Sunday
2020-11-23,45,2.220763333333333,43,35,Monday
2020-11-24,20,1.1890377777777779,18,14,Tuesday
2020-11-25,34,2.2880769444444446,33,15,Wednesday
2020-11-26,36,1.1568727777777779,34,29,Thursday
2020-11-27,33,1.2359958333333334,29,17,Friday
2020-11-29,22,1.2695272222222223,20,20,Sunday
2020-11-30,58,3.0903308333333332,57,42,Monday
2020-12-01,1,0.037373611111111114,1,1,Tuesday
2020-12-02,36,1.7075730555555555,35,29,Wednesday
2020-12-03,1,0.0062005555555555555,1,1,Thursday
2020-12-08,24,0.9590263888888889,24,2,Tuesday
2020-12-10,48,2.0861425000000002,43,34,Thursday
2020-12-11,8,0.3122405555555556,8,8,Friday
2020-12-13,14,0.7703333333333333,9,1,Sunday
2020-12-14,31,0.25214416666666667,30,25,Monday
2020-12-15,49,2.0525147222222224,28,22,Tuesday
2020-12-16,24,0.865335,14,10,Wednesday
2020-12-17,29,1.4599211111111112,27,22,Thursday
2020-12-18,43,2.0634341666666667,31,8,Friday
2020-12-19,47,2.2905622222222224,47,18,Saturday
2020-12-20,5,0.18362222222222224,4,3,Sunday
2020-12-22,32,1.1549127777777777,18,9,Tuesday
2020-12-23,28,1.5667727777777778,28,19,Wednesday
2020-12-24,15,0.7765541666666667,13,10,Thursday
2020-12-25,16,0.7611241666666667,15,13,Friday
2020-12-27,71,3.1338769444444443,31,25,Sunday
2020-12-28,31,1.316495,27,24,Monday
2020-12-29,4,0.11934694444444444,3,2,Tuesday
2020-12-30,14,0.5730041666666666,7,7,Wednesday
2020-12-31,52,2.6203897222222223,26,17,Thursday
2021-01-01,3,0.00403,1,1,Friday
2021-01-02,44,2.493098333333333,41,27,Saturday
2021-01-03,17,0.8421594444444445,13,13,Sunday
2021-01-05,29,1.5935444444444444,24,14,Tuesday
2021-01-07,12,0.5655511111111111,11,10,Thursday
2021-01-08,63,3.183520277777778,48,36,Friday
2021-01-09,3,0.08869,3,3,Saturday
2021-01-10,10,0.5937255555555555,8,8,Sunday
2021-01-11,39,2.0637355555555557,34,10,Monday
2021-01-12,21,1.4425152777777779,19,7,Tuesday
2021-01-13,31,2.0049958333333335,30,25,Wednesday
2021-01-14,5,0.25167666666666666,4,4,Thursday
2021-01-15,60,3.1481577777777776,44,33,Friday
2021-01-16,26,1.2824905555555555,25,21,Saturday
2021-01-17,46,2.1021883333333333,31,12,Sunday
2021-01-18,52,2.6823755555555557,13,3,Monday
2021-01-19,56,3.003548611111111,42,17,Tuesday
2021-01-20,24,1.379645,19,3,Wednesday
2021-01-21,34,1.6945291666666666,11,1,Thursday
2021-01-22,39,1.9529594444444445,31,13,Friday
2021-01-24,6,0.18027222222222222,5,3,Sunday
2021-01-25,23,0.9131491666666667,19,12,Monday
2021-01-26,11,0.4643069444444444,9,9,Tuesday
2021-01-27,7,0.3931775,7,4,Wednesday
2021-01-28,68,4.275420555555556,65,41,Thursday
2021-01-29,12,0.6243666666666666,11,3,Friday
2021-01-30,13,0.3244022222222222,11,9,Saturday
2021-01-31,11,0.6040005555555555,10,10,Sunday
2021-02-01,19,1.1868702777777778,17,17,Monday
2021-02-02,4,0.13909222222222223,3,3,Tuesday
2021-02-03,21,1.05378,19,7,Wednesday
2021-02-05,11,0.4202022222222222,9,5,Friday
2021-02-06,47,2.3952930555555554,45,35,Saturday
2021-02-07,31,1.2449452777777776,20,11,Sunday
2021-02-08,13,0.2249986111111111,11,11,Monday
2021-02-09,68,3.5807313888888888,59,24,Tuesday
2021-02-10,17,0.7654888888888889,17,17,Wednesday
2021-02-11,18,0.7983386111111112,12,2,Thursday
2021-02-12,40,1.9373113888888889,29,8,Friday
2021-02-13,33,1.7036458333333333,32,17,Saturday
2021-02-14,1,0.017371666666666667,1,1,Sunday
2021-02-15,31,1.4834394444444445,28,27,Monday
2021-02-16,23,1.1733369444444444,23,22,Tuesday
2021-02-17,27,1.4107072222222221,23,17,Wednesday
2021-02-18,18,1.070281111111111,12,1,Thursday
2021-02-19,24,1.4865302777777778,24,14,Friday
2021-02-20,2,0.13507027777777778,2,2,Saturday
2021-02-21,6,0.3175027777777778,5,5,Sunday
2021-02-22,15,0.6341,15,13,Monday
2021-02-23,4,0.2340552777777778,3,3,Tuesday
2021-02-24,18,0.8389430555555555,15,7,Wednesday
2021-02-25,21,1.0008680555555556,19,11,Thursday
2021-02-28,10,0.5098369444444444,8,8,Sunday
2021-03-01,26,0.7534883333333333,22,20,Monday
2021-03-02,26,1.7388425,25,20,Tuesday
2021-03-04,16,0.6756588888888889,13,9,Thursday
2021-03-06,32,1.5412830555555554,26,10,Saturday
2021-03-07,2,0.09405166666666667,2,1,Sunday
2021-03-08,35,1.8614483333333334,32,12,Monday
2021-03-09,17,0.6108741666666666,14,12,Tuesday
2021-03-10,14,0.7723516666666667,14,13,Wednesday
2021-03-11,27,1.4565355555555555,22,17,Thursday
2021-03-12,33,2.123771111111111,32,29,Friday
2021-03-13,15,0.7130172222222222,12,11,Saturday
2021-03-14,8,0.4905672222222222,8,8,Sunday
2021-03-15,33,1.8674119444444444,30,23,Monday
2021-03-16,43,2.164702222222222,39,37,Tuesday
2021-03-18,9,0.6004344444444445,9,9,Thursday
2021-03-19,32,1.4722641666666667,29,15,Friday
2021-03-20,10,0.42811,10,3,Saturday
2021-03-21,16,0.7060508333333333,14,2,Sunday
2021-03-22,3,0.151885,3,1,Monday
2021-03-23,5,0.2182386111111111,4,1,Tuesday
2021-03-25,5,0.2091663888888889,4,1,Thursday
2021-03-27,1,0.03721861111111111,1,1,Saturday
2021-03-29,19,0.7484241666666667,18,9,Monday
2021-03-30,14,0.6768127777777777,14,14,Tuesday
2021-03-31,14,0.7368008333333333,12,12,Wednesday
2021-04-01,35,2.0199805555555557,34,30,Thursday
2021-04-02,12,0.43816499999999997,11,7,Friday
2021-04-03,47,1.608411388888889,42,33,Saturday
2021-04-04,73,3.635416111111111,58,22,Sunday
2021-04-05,42,2.174697777777778,39,16,Monday
2021-04-06,16,0.8368605555555556,16,2,Tuesday
2021-04-07,18,0.7851875,14,7,Wednesday
2021-04-09,17,0.6450238888888888,17,17,Friday
2021-04-10,29,1.2835483333333333,26,20,Saturday
2021-04-11,1,0.04522444444444444,1,1,Sunday
2021-04-12,24,0.8496169444444445,19,3,Monday
2021-04-13,11,0.5831558333333333,11,7,Tuesday
2021-04-14,19,1.0955572222222223,19,1,Wednesday
2021-04-18,10,0.43719416666666666,9,7,Sunday
2021-04-19,10,0.42180388888888887,9,2,Monday
2021-04-23,2,0.11880055555555556,2,2,Friday
2021-04-28,5,0.12788972222222222,3,3,Wednesday
2021-04-29,1,0.0014694444444444444,1,1,Thursday
2021-05-02,8,0.4119130555555556,8,7,Sunday
2021-05-08,6,0.29794638888888886,6,6,Saturday
2021-05-09,15,0.7724280555555556,12,11,Sunday
2021-05-19,40,2.6731622222222224,34,28,Wednesday
2021-05-20,29,1.0119041666666666,24,18,Thursday
2021-05-22,53,2.3353544444444445,47,41,Saturday
2021-05-23,6,0.28752500000000003,6,1,Sunday
2021-05-24,36,1.8971766666666667,32,27,Monday
2021-05-25,18,1.0784230555555556,18,17,Tuesday
2021-05-26,11,0.6557008333333333,10,10,Wednesday
2021-05-27,18,0.9828555555555556,16,15,Thursday
2021-05-28,18,0.9660105555555556,16,15,Friday
2021-05-30,4,0.16734972222222222,3,3,Sunday
2021-06-03,12,0.5245369444444444,12,7,Thursday
2021-06-04,39,1.9431186111111112,30,15,Friday
2021-06-05,30,1.5027425,26,24,Saturday
2021-06-06,207,1.7607255555555557,182,161,Sunday
2021-06-07,1,0.0566525,1,1,Monday
2021-06-13,12,0.5786102777777777,11,6,Sunday
2021-06-14,11,0.5685074999999999,10,4,Monday
2021-06-17,11,0.5834005555555556,11,2,Thursday
2021-06-18,36,1.9769330555555555,28,12,Friday
2021-06-20,26,0.6768275,18,14,Sunday
2021-06-21,22,1.1396094444444445,17,6,Monday
2021-06-22,10,0.5006094444444444,9,2,Tuesday
2021-06-23,7,0.30112222222222224,7,7,Wednesday
2021-06-25,15,0.8896336111111112,15,14,Friday
2021-06-26,7,0.5454430555555556,5,5,Saturday
2021-06-27,14,0.8297122222222222,12,10,Sunday
2021-06-28,4,0.149175,4,4,Monday
2021-06-29,33,1.6793191666666667,28,25,Tuesday
2021-06-30,11,0.4957066666666667,11,11,Wednesday
2021-07-01,9,0.4092355555555556,8,6,Thursday
2021-07-03,34,1.6905555555555556,32,22,Saturday
2021-07-04,13,0.5970011111111111,8,5,Sunday
2021-07-05,49,2.368614722222222,47,44,Monday
2021-07-06,50,1.2407158333333332,47,34,Tuesday
2021-07-07,38,2.117443333333333,34,11,Wednesday
2021-07-08,37,2.3259555555555558,35,17,Thursday
2021-07-10,26,1.2269608333333333,24,22,Saturday
2021-07-11,13,0.8353505555555555,8,7,Sunday
2021-07-12,9,0.7873755555555556,6,6,Monday
2021-07-13,56,2.9245591666666666,54,47,Tuesday
2021-07-14,9,0.4241313888888889,8,8,Wednesday
2021-07-15,10,0.42475138888888886,9,9,Thursday
2021-07-16,10,0.5452744444444444,10,7,Friday
2021-07-17,29,1.3632269444444445,28,23,Saturday
2021-07-18,7,0.4855730555555555,7,7,Sunday
2021-07-19,33,1.6168238888888888,30,27,Monday
2021-07-20,57,2.1929391666666667,24,14,Tuesday
2021-07-21,3,0.23028472222222224,3,3,Wednesday
2021-07-22,86,4.495051388888889,74,60,Thursday
2021-07-23,59,2.8790319444444443,47,38,Friday
2021-07-24,5,0.13689416666666668,4,4,Saturday
2021-07-25,72,3.773019722222222,49,30,Sunday
2021-07-26,86,4.944444444444445,64,53,Monday
2021-07-27,7,0.5119297222222222,7,7,Tuesday
2021-07-28,5,0.47060111111111114,5,4,Wednesday
2021-07-30,54,3.152537777777778,54,33,Friday
2021-07-31,13,0.7662419444444445,11,11,Saturday
2021-08-01,12,0.6547686111111111,12,10,Sunday
2021-08-03,60,2.8271172222222223,48,30,Tuesday
2021-08-04,110,5.714803611111111,101,64,Wednesday
2021-08-05,3,0.077505,3,3,Thursday
2021-08-06,25,1.3450666666666666,24,21,Friday
2021-08-07,7,0.4105608333333333,6,6,Saturday
2021-08-08,57,2.9480233333333334,44,20,Sunday
2021-08-09,77,3.9256261111111113,59,15,Monday
2021-08-10,45,2.2298055555555556,43,16,Tuesday
2021-08-11,43,2.122831388888889,34,19,Wednesday
2021-08-12,23,1.300098611111111,21,1,Thursday
2021-08-13,33,1.6114225,32,12,Friday
2021-08-14,79,4.5460561111111115,73,37,Saturday
2021-08-15,10,0.6885622222222222,9,1,Sunday
2021-08-16,44,2.6748058333333335,38,16,Monday
2021-08-17,20,1.1380283333333334,19,4,Tuesday
2021-08-18,48,2.350723611111111,46,20,Wednesday
2021-08-19,20,1.4354805555555556,14,7,Thursday
2021-08-20,53,2.321745,52,22,Friday
2021-08-21,22,1.0095858333333334,18,14,Saturday
2021-08-22,32,1.5684269444444445,30,21,Sunday
2021-08-23,19,0.77731,17,16,Monday
2021-08-24,17,0.9721577777777778,17,9,Tuesday
2021-08-25,30,0.8453491666666667,20,6,Wednesday
2021-08-26,34,1.5225602777777778,13,9,Thursday
2021-08-27,28,1.3537430555555556,27,23,Friday
2021-08-28,14,0.8263044444444445,14,14,Saturday
2021-08-29,29,1.5557452777777778,27,27,Sunday
2021-08-30,41,2.0534930555555557,35,29,Monday
2021-08-31,13,0.7117180555555556,13,10,Tuesday
2021-09-01,19,0.9223544444444445,17,11,Wednesday
2021-09-02,33,1.7589505555555556,31,3,Thursday
2021-09-03,12,0.6468713888888888,11,8,Friday
2021-09-04,43,2.229646111111111,41,33,Saturday
2021-09-05,15,0.8485177777777778,14,9,Sunday
2021-09-06,13,0.6394822222222222,11,6,Monday
2021-09-07,28,1.3507430555555555,26,15,Tuesday
2021-09-08,1,0.05169638888888889,1,1,Wednesday
2021-09-09,24,1.3108577777777777,23,15,Thursday
2021-09-10,21,1.0634130555555557,20,11,Friday
2021-09-12,39,2.3418130555555554,37,9,Sunday
2021-09-14,43,2.380869722222222,40,16,Tuesday
2021-09-15,17,0.9250336111111112,16,9,Wednesday
2021-09-16,25,1.241730277777778,21,6,Thursday
2021-09-17,8,0.5010011111111111,8,3,Friday
2021-09-18,24,1.1843572222222223,22,19,Saturday
2021-09-19,11,0.6843680555555556,11,6,Sunday
2021-09-20,62,1.3146405555555556,36,14,Monday
2021-09-21,8,0.5358188888888888,8,3,Tuesday
2021-09-22,38,1.9073238888888888,30,17,Wednesday
2021-09-23,24,1.4256333333333333,18,6,Thursday
2021-09-24,92,5.189282222222222,83,22,Friday
2021-09-26,22,1.1143311111111112,22,16,Sunday
2021-09-27,62,3.443886111111111,54,25,Monday
2021-09-30,7,0.2386977777777778,6,6,Thursday
2021-10-01,22,1.323636111111111,16,5,Friday
2021-10-02,24,1.3551063888888888,19,13,Saturday
2021-10-03,19,1.0842825,19,19,Sunday
2021-10-04,1,0.029090555555555557,1,1,Monday
2021-10-05,37,2.0007966666666666,22,18,Tuesday
2021-10-06,4,0.1857213888888889,3,3,Wednesday
2021-10-07,33,1.697233611111111,31,28,Thursday
2021-10-08,11,0.46227694444444445,10,10,Friday
2021-10-09,5,0.19063333333333332,5,5,Saturday
2021-10-10,27,1.319611111111111,20,16,Sunday
2021-10-11,4,0.0876336111111111,4,4,Monday
2021-10-12,25,1.3690569444444445,19,16,Tuesday
2021-10-13,25,1.2882769444444444,23,12,Wednesday
2021-10-15,14,0.7164672222222223,14,11,Friday
2021-10-16,1,0.039483333333333336,1,1,Saturday
2021-10-17,26,1.245358611111111,26,25,Sunday
2021-10-18,1,0.020112222222222222,1,1,Monday
2021-10-19,8,0.4252936111111111,6,6,Tuesday
2021-10-20,26,1.2730158333333332,23,4,Wednesday
2021-10-21,4,0.09916305555555556,3,3,Thursday
2021-10-23,38,1.7327325,31,21,Saturday
2021-10-24,30,1.6454527777777779,28,16,Sunday
2021-10-25,7,0.3765616666666667,7,6,Monday
2021-10-26,1,0.00019722222222222222,1,1,Tuesday
2021-10-31,22,0.9790936111111112,18,18,Sunday
2021-11-01,23,1.0822902777777779,19,18,Monday
2021-11-03,109,5.2918336111111115,102,73,Wednesday
2021-11-04,65,3.4741975,62,49,Thursday
2021-11-06,9,0.4956111111111111,9,9,Saturday
2021-11-07,18,0.79689,16,13,Sunday
2021-11-08,5,0.35151055555555555,5,5,Monday
2021-11-11,11,0.4595677777777778,10,10,Thursday
2021-11-13,1,0.03559527777777778,1,1,Saturday
2021-11-14,2,0.08299805555555556,2,2,Sunday
2021-11-15,16,0.8896841666666666,16,3,Monday
2021-11-16,18,0.4135244444444445,16,15,Tuesday
2021-11-17,31,1.9097838888888887,21,1,Wednesday
2021-11-18,38,1.9279933333333334,36,33,Thursday
2021-11-20,2,0.06977361111111112,1,1,Saturday
2021-11-21,30,1.7054980555555554,16,14,Sunday
2021-11-22,9,0.4414191666666667,5,3,Monday
2021-11-23,29,1.7618063888888889,29,18,Tuesday
2021-11-24,26,1.4371111111111112,24,19,Wednesday
2021-11-25,16,0.977445,15,13,Thursday
2021-11-26,14,0.852835,14,3,Friday
2021-11-27,6,0.3015425,6,5,Saturday
2021-11-29,8,0.4204633333333333,7,7,Monday
2021-11-30,10,0.48042666666666667,8,7,Tuesday
2021-12-01,14,0.5277955555555556,13,13,Wednesday
2021-12-02,20,1.2034327777777778,18,17,Thursday
2021-12-03,23,0.7046625,17,1,Friday
2021-12-04,23,1.4230933333333333,23,18,Saturday
2021-12-05,3,0.17183777777777778,3,1,Sunday
2021-12-06,21,1.236126388888889,20,10,Monday
2021-12-07,17,0.5358966666666667,17,15,Tuesday
2021-12-08,15,0.5019875,13,12,Wednesday
2021-12-09,41,1.6560541666666666,39,5,Thursday
2021-12-10,50,2.950572222222222,48,20,Friday
2021-12-11,2,0.06801194444444444,1,1,Saturday
2021-12-12,6,0.37760666666666665,5,5,Sunday
2021-12-13,14,0.8143788888888889,13,13,Monday
2021-12-14,17,0.9814327777777778,13,12,Tuesday
2021-12-15,4,0.16567805555555554,3,3,Wednesday
2021-12-16,31,1.5574213888888888,30,18,Thursday
2021-12-17,15,0.7112894444444444,13,3,Friday
2021-12-18,41,2.2044519444444446,27,3,Saturday
2021-12-19,2,0.3606533333333333,1,1,Sunday
2021-12-20,19,1.3970822222222221,16,13,Monday
2021-12-21,39,2.022683888888889,31,6,Tuesday
2021-12-22,15,2.8973677777777778,1,1,Wednesday
2021-12-23,1,0.16977777777777778,0,0,Thursday
2021-12-27,12,0.9773974999999999,10,7,Monday
2021-12-28,6,0.24319972222222225,3,3,Tuesday
2021-12-29,13,0.8425497222222222,11,11,Wednesday
2021-12-30,18,1.3167625,12,11,Thursday
2021-12-31,23,1.718147222222222,18,8,Friday
2022-01-02,39,1.8731541666666667,36,13,Sunday
2022-01-03,61,3.5804180555555556,38,18,Monday
2022-01-04,41,2.7197375,19,2,Tuesday
2022-01-05,43,2.0364947222222223,41,2,Wednesday
2022-01-06,18,1.660943611111111,16,1,Thursday
2022-01-07,41,1.9936005555555556,38,9,Friday
2022-01-08,43,2.1551263888888887,27,14,Saturday
2022-01-09,7,0.35231861111111107,6,2,Sunday
2022-01-10,6,0.588705,6,6,Monday
2022-01-11,1,0.05727555555555556,1,1,Tuesday
2022-01-12,22,1.431375,20,3,Wednesday
2022-01-13,13,0.6782119444444444,13,2,Thursday
2022-01-15,1,0.029991666666666666,1,1,Saturday
2022-01-31,2,0.0026316666666666667,2,1,Monday
2022-02-01,30,1.901806388888889,29,15,Tuesday
2022-02-02,26,1.2777858333333334,25,11,Wednesday
2022-02-09,22,0.9188366666666666,18,16,Wednesday
2022-02-10,66,3.2011730555555555,61,48,Thursday
2022-02-11,1,0.0011775,1,1,Friday
2022-02-13,62,3.6069602777777776,44,28,Sunday
2022-02-14,12,0.5737161111111111,6,4,Monday
2022-02-15,106,5.2104075,83,34,Tuesday
2022-02-17,9,0.6625330555555555,8,7,Thursday
2022-02-18,47,2.552098611111111,45,24,Friday
2022-02-19,51,2.905105277777778,50,34,Saturday
2022-02-20,33,1.5610727777777778,31,31,Sunday
2022-02-21,43,2.348215277777778,41,30,Monday
2022-02-22,23,1.1159025,19,16,Tuesday
2022-02-23,46,2.8846658333333335,36,16,Wednesday
2022-02-24,19,1.0569880555555555,18,9,Thursday
2022-02-25,49,2.579716388888889,32,4,Friday
2022-02-26,20,0.4750347222222222,18,15,Saturday
2022-02-27,40,2.2000777777777776,39,18,Sunday
2022-02-28,71,3.0554477777777778,66,13,Monday
2022-03-01,10,0.025189999999999997,3,3,Tuesday
2022-03-02,68,2.9473725,36,21,Wednesday
2022-03-03,37,2.5165341666666667,35,10,Thursday
2022-03-04,68,3.7713480555555554,58,44,Friday
2022-03-05,35,2.214026111111111,35,18,Saturday
2022-03-06,25,1.4217077777777778,18,4,Sunday
2022-03-07,121,5.783771111111111,120,51,Monday
2022-03-08,117,5.9349025,98,50,Tuesday
2022-03-09,70,3.4046736111111113,54,27,Wednesday
2022-03-10,66,3.7251736111111113,63,27,Thursday
2022-03-11,58,1.0170455555555555,54,42,Friday
2022-03-12,1,0.001078888888888889,1,1,Saturday
2022-03-13,9,0.39541944444444443,9,8,Sunday
2022-03-14,24,1.3126805555555556,23,17,Monday
2022-03-15,40,2.192403611111111,38,9,Tuesday
2022-03-16,26,1.175775,22,6,Wednesday
2022-03-17,21,0.427325,19,16,Thursday
2022-03-18,25,1.3072475,22,8,Friday
2022-03-19,13,0.6467866666666666,12,3,Saturday
2022-03-20,10,0.5863813888888889,10,8,Sunday
2022-03-21,111,4.651638055555556,99,34,Monday
2022-03-22,7,0.16485972222222223,6,5,Tuesday
2022-03-23,28,1.4456583333333333,27,2,Wednesday
2022-03-24,49,2.137449166666667,44,37,Thursday
2022-03-25,103,4.820796388888889,87,40,Friday
2022-03-26,1,0.026534722222222223,1,1,Saturday
2022-03-27,34,1.650511388888889,32,4,Sunday
2022-03-28,55,3.195881111111111,52,12,Monday
2022-03-29,64,2.222621388888889,40,22,Tuesday
2022-03-30,22,1.0450580555555555,17,2,Wednesday
2022-03-31,84,3.65816,78,41,Thursday
2022-04-01,68,1.5115808333333334,51,39,Friday
2022-04-02,34,2.016888888888889,30,19,Saturday
2022-04-03,16,0.8670386111111111,15,14,Sunday
2022-04-04,67,3.7347955555555554,64,59,Monday
2022-04-05,80,4.015579166666667,70,49,Tuesday
2022-04-06,79,3.1282680555555555,58,35,Wednesday
2022-04-07,76,4.021304166666667,67,58,Thursday
2022-04-08,104,5.429551111111111,63,8,Friday
2022-04-09,48,2.2654044444444446,44,6,Saturday
2022-04-10,48,2.472921111111111,45,24,Sunday
2022-04-11,81,3.987220833333333,65,33,Monday
2022-04-12,47,2.0135141666666665,39,22,Tuesday
2022-04-13,47,2.218577222222222,27,23,Wednesday
2022-04-14,26,1.3853622222222222,23,3,Thursday
2022-04-15,10,0.43913,9,4,Friday
2022-04-16,65,2.6277244444444445,54,15,Saturday
2022-04-17,59,3.460555,53,18,Sunday
2022-04-18,163,8.68787111111111,126,60,Monday
2022-04-19,36,1.7314475,21,19,Tuesday
2022-04-20,12,0.5395055555555556,10,10,Wednesday
2022-04-22,14,0.6551866666666667,14,11,Friday
2022-04-23,8,0.31544194444444446,6,6,Saturday
2022-04-24,4,0.12766583333333334,3,3,Sunday
2022-04-25,25,1.249311388888889,15,11,Monday
2022-04-26,36,1.9235655555555555,30,15,Tuesday
2022-04-27,28,1.6274391666666668,28,19,Wednesday
2022-04-28,50,1.3334369444444445,29,15,Thursday
2022-04-29,57,2.311751666666667,47,27,Friday
2022-04-30,10,0.7600602777777778,8,6,Saturday
2022-05-01,44,1.9239705555555555,39,16,Sunday
2022-05-02,13,0.5909605555555556,10,2,Monday
2022-05-03,128,1.9665675,107,65,Tuesday
2022-05-04,36,1.8115825,23,19,Wednesday
2022-05-05,64,3.26233,39,21,Thursday
2022-05-06,20,1.1493094444444445,19,3,Friday
2022-05-07,48,1.1345327777777778,44,31,Saturday
2022-05-08,126,3.464481388888889,81,33,Sunday
2022-05-09,57,3.170776666666667,53,29,Monday
2022-05-10,41,1.8970461111111112,22,20,Tuesday
2022-05-11,26,1.1722827777777778,25,24,Wednesday
2022-05-12,12,0.7235352777777778,12,8,Thursday
2022-05-13,75,4.257071388888889,57,32,Friday
2022-05-14,61,3.7239577777777777,40,11,Saturday
2022-05-15,54,3.4808119444444445,51,18,Sunday
2022-05-16,70,4.395106944444445,67,33,Monday
2022-05-17,16,0.8047397222222222,14,8,Tuesday
2022-05-18,60,3.2601341666666666,44,28,Wednesday
2022-05-19,50,2.777571111111111,42,19,Thursday
2022-05-20,69,3.8445408333333333,37,10,Friday
2022-05-21,52,2.4137827777777776,25,11,Saturday
2022-05-22,70,4.196763333333333,64,23,Sunday
2022-05-23,126,5.3203877777777775,75,37,Monday
2022-05-24,75,3.097389722222222,67,58,Tuesday
2022-05-25,108,5.127571944444444,99,56,Wednesday
2022-05-26,48,2.2227430555555556,30,7,Thursday
2022-05-27,71,3.409231666666667,60,38,Friday
2022-05-28,36,1.7584816666666667,35,30,Saturday
2022-05-29,58,2.8464680555555555,55,11,Sunday
2022-05-30,73,3.108648888888889,65,38,Monday
2022-05-31,22,1.2014433333333332,20,19,Tuesday
2022-06-01,70,4.744109166666667,66,22,Wednesday
2022-06-02,45,1.8518777777777777,36,17,Thursday
2022-06-03,1,0.04616861111111111,1,1,Friday
2022-06-04,48,2.521456111111111,39,22,Saturday
2022-06-05,53,2.55461,44,39,Sunday
2022-06-06,21,0.8845322222222223,18,5,Monday
2022-06-07,60,2.7004755555555557,20,5,Tuesday
2022-06-08,54,2.3543669444444446,44,29,Wednesday
2022-06-09,125,5.980958055555556,89,50,Thursday
2022-06-10,52,2.374665,33,16,Friday
2022-06-11,27,1.1106166666666666,18,7,Saturday
2022-06-12,43,1.661955,32,16,Sunday
2022-06-13,95,3.5711044444444444,56,28,Monday
2022-06-14,47,2.0748997222222223,38,32,Tuesday
2022-06-15,21,0.7856905555555556,18,15,Wednesday
2022-06-16,51,2.4903472222222223,49,14,Thursday
2022-06-17,7,0.3208825,6,2,Friday
2022-06-18,39,1.6989469444444445,33,16,Saturday
2022-06-19,48,2.123527777777778,36,25,Sunday
2022-06-20,138,5.490105833333334,61,36,Monday
2022-06-21,55,2.2255997222222224,41,28,Tuesday
2022-06-22,33,1.2204422222222222,19,15,Wednesday
2022-06-23,83,4.0996258333333335,40,33,Thursday
2022-06-24,56,2.4164777777777777,50,34,Friday
2022-06-25,28,0.6432741666666667,26,22,Saturday
2022-06-26,14,0.71866,13,10,Sunday
2022-06-27,89,3.317372777777778,25,18,Monday
2022-06-28,52,2.4091158333333333,47,34,Tuesday
2022-06-29,5,0.18200722222222224,4,4,Wednesday
2022-06-30,21,1.220026111111111,12,9,Thursday
2022-07-01,33,1.5451263888888889,30,19,Friday
2022-07-02,22,1.030701111111111,20,4,Saturday
2022-07-03,16,0.3411197222222222,14,13,Sunday
2022-07-04,60,1.5598011111111112,51,39,Monday
2022-07-05,178,6.4394519444444445,129,74,Tuesday
2022-07-06,65,3.39633,65,34,Wednesday
2022-07-07,43,2.202633888888889,40,24,Thursday
2022-07-08,26,1.1228019444444444,24,17,Friday
2022-07-09,28,1.2130652777777777,22,7,Saturday
2022-07-10,21,1.0234394444444443,19,12,Sunday
2022-07-11,26,1.2225730555555556,24,19,Monday
2022-07-13,10,0.5439913888888889,10,2,Wednesday
2022-07-15,9,0.49029694444444444,9,7,Friday
2022-07-16,56,3.1387466666666666,52,40,Saturday
2022-07-17,25,1.247241111111111,24,5,Sunday
2022-07-18,11,0.6955819444444444,2,2,Monday
2022-07-19,14,0.7140980555555556,8,2,Tuesday
2022-07-20,20,0.8201225,15,1,Wednesday
2022-07-21,3,0.12430611111111112,3,2,Thursday
2022-07-22,20,1.141983888888889,9,8,Friday
2022-07-23,38,1.9036383333333333,33,15,Saturday
2022-07-24,48,2.396575,34,16,Sunday
2022-07-25,10,0.4974808333333333,9,2,Monday
2022-07-26,26,1.3038341666666666,23,12,Tuesday
2022-07-27,27,1.03407,18,6,Wednesday
2022-07-29,26,1.3554047222222223,18,9,Friday
2022-07-30,53,1.9721391666666668,49,28,Saturday
2022-07-31,50,2.7544866666666667,38,21,Sunday
2022-08-02,19,1.0436788888888888,18,16,Tuesday
2022-08-03,8,0.48445,7,6,Wednesday
2022-08-04,25,1.2604316666666666,14,3,Thursday
2022-08-05,47,2.3918158333333333,36,10,Friday
2022-08-06,33,1.577788888888889,11,1,Saturday
2022-08-07,58,3.0675705555555557,55,25,Sunday
2022-08-08,39,2.3221672222222223,37,22,Monday
2022-08-09,14,0.6822016666666667,8,7,Tuesday
2022-08-10,16,0.7101236111111111,14,14,Wednesday
2022-08-11,15,0.869005,14,6,Thursday
2022-08-12,34,1.7342116666666667,31,24,Friday
2022-08-13,14,0.63187,13,5,Saturday
2022-08-14,39,1.9057544444444445,36,5,Sunday
2022-08-15,21,0.9897127777777778,18,16,Monday
2022-08-16,35,1.6350858333333333,30,19,Tuesday
2022-08-17,57,3.445129166666667,54,30,Wednesday
2022-08-18,29,1.2539252777777778,27,18,Thursday
2022-08-19,42,1.7139297222222223,22,13,Friday
2022-08-20,43,1.8953555555555555,21,8,Saturday
2022-08-21,1,0.03880666666666667,1,1,Sunday
2022-08-22,71,3.991197222222222,67,30,Monday
2022-08-23,10,0.5488280555555556,9,4,Tuesday
2022-08-24,18,1.2200980555555556,16,10,Wednesday
2022-08-25,18,0.8462108333333334,15,13,Thursday
2022-08-26,22,1.0549388888888889,21,15,Friday
2022-08-27,106,6.247922222222222,101,30,Saturday
2022-08-28,18,1.1975980555555557,16,10,Sunday
2022-08-29,14,0.9721944444444445,12,2,Monday
2022-08-30,24,1.7339822222222223,22,1,Tuesday
2022-08-31,44,2.5344419444444446,39,11,Wednesday
2022-09-01,34,2.0272111111111113,31,21,Thursday
2022-09-02,127,6.057492222222222,96,84,Friday
2022-09-03,65,3.1495416666666665,60,44,Saturday
2022-09-04,62,3.36149,59,34,Sunday
2022-09-05,23,1.184283611111111,20,7,Monday
2022-09-06,13,0.49882944444444444,9,7,Tuesday
2022-09-07,15,0.6028963888888889,12,12,Wednesday
2022-09-08,62,3.019868888888889,57,54,Thursday
2022-09-09,46,2.660433888888889,44,20,Friday
2022-09-10,40,2.2075847222222222,35,27,Saturday
2022-09-11,54,2.5550611111111112,49,17,Sunday
2022-09-12,122,5.976619444444444,114,75,Monday
2022-09-13,117,7.012581388888889,107,76,Tuesday
2022-09-14,12,0.4608997222222222,10,3,Wednesday
2022-09-15,68,2.6398480555555555,35,17,Thursday
2022-09-16,24,1.239321111111111,3,3,Friday
2022-09-17,31,1.7209419444444445,24,3,Saturday
2022-09-18,68,2.931828611111111,43,26,Sunday
2022-09-19,47,2.1759436111111112,42,21,Monday
2022-09-20,69,2.9700305555555557,41,11,Tuesday
2022-09-21,26,1.161897777777778,24,1,Wednesday
2022-09-22,1,0.09355361111111112,1,1,Thursday
2022-09-23,66,2.9881538888888888,59,28,Friday
2022-09-24,18,1.063106111111111,14,11,Saturday
2022-09-25,44,1.8025583333333333,39,23,Sunday
2022-09-26,12,0.4694613888888889,11,2,Monday
2022-09-27,30,1.4936147222222222,24,5,Tuesday
2022-09-28,116,6.300879444444444,111,35,Wednesday
2022-09-29,135,7.0842769444444444,97,29,Thursday
2022-09-30,24,1.6578880555555555,24,9,Friday
2022-10-01,45,2.215942777777778,34,31,Saturday
2022-10-02,56,2.7470994444444443,49,39,Sunday
2022-10-03,41,2.2975547222222223,38,17,Monday
2022-10-04,49,2.6328294444444444,47,19,Tuesday
2022-10-05,53,2.7414483333333335,48,31,Wednesday
2022-10-06,22,1.440171111111111,18,8,Thursday
2022-10-07,141,2.816963611111111,115,86,Friday
2022-10-08,74,3.2801608333333334,62,22,Saturday
2022-10-09,17,0.7112463888888889,15,12,Sunday
2022-10-10,83,3.893917777777778,78,47,Monday
2022-10-11,50,2.394821388888889,47,34,Tuesday
2022-10-12,24,1.046426111111111,15,2,Wednesday
2022-10-13,44,1.9941644444444444,27,18,Thursday
2022-10-14,99,4.658266666666667,70,36,Friday
2022-10-15,2,0.020722777777777777,2,2,Saturday
2022-10-16,56,2.3688166666666666,47,24,Sunday
2022-10-17,61,2.9561111111111114,49,18,Monday
2022-10-18,20,0.9532036111111111,20,6,Tuesday
2022-10-19,6,0.31809722222222225,6,1,Wednesday
2022-10-20,24,0.9833866666666666,22,6,Thursday
2022-10-21,43,1.9433730555555555,36,15,Friday
2022-10-22,28,1.0106775,24,11,Saturday
2022-10-23,49,2.929327777777778,46,21,Sunday
2022-10-24,49,1.9324386111111111,47,38,Monday
2022-10-25,25,1.395975,20,10,Tuesday
2022-10-26,51,2.6174405555555555,50,48,Wednesday
2022-10-27,45,1.9419694444444444,36,16,Thursday
2022-10-28,26,1.2452558333333335,24,3,Friday
2022-10-29,34,2.0976452777777777,21,8,Saturday
2022-10-30,260,1.5610380555555556,223,103,Sunday
2022-10-31,26,1.5846730555555555,21,2,Monday
2022-11-01,27,1.3111202777777777,25,6,Tuesday
2022-11-02,42,2.0983158333333334,24,7,Wednesday
2022-11-03,37,0.9876513888888889,37,10,Thursday
2022-11-04,25,1.133811111111111,22,7,Friday
2022-11-05,23,1.0255616666666667,19,4,Saturday
2022-11-06,24,1.517346111111111,22,7,Sunday
2022-11-07,26,1.4543102777777777,20,8,Monday
2022-11-08,19,0.7759861111111112,19,11,Tuesday
2022-11-09,1,0.06375277777777778,1,1,Wednesday
2022-11-10,22,0.9969594444444445,15,2,Thursday
2022-11-11,31,1.7613388888888888,29,3,Friday
2022-11-12,19,0.8738233333333333,16,3,Saturday
2022-11-13,32,2.140416666666667,32,2,Sunday
2022-11-14,24,1.270923611111111,21,13,Monday
2022-11-15,21,1.2224930555555555,20,13,Tuesday
2022-11-16,44,2.5048166666666667,43,43,Wednesday
2022-11-17,8,0.345515,8,3,Thursday
2022-11-18,7,0.45992472222222225,7,1,Friday
2022-11-19,17,0.9128416666666667,16,2,Saturday
2022-11-20,18,1.1746305555555556,18,9,Sunday
2022-11-21,82,4.7223575,80,60,Monday
2022-11-22,41,2.154555277777778,41,19,Tuesday
2022-11-23,90,4.286234722222222,86,34,Wednesday
2022-11-24,20,0.9285866666666667,18,9,Thursday
2022-11-25,18,1.055723611111111,18,8,Friday
2022-11-26,80,4.102345833333334,75,41,Saturday
2022-11-27,28,1.0462472222222223,23,16,Sunday
2022-11-29,21,0.9127494444444444,20,16,Tuesday
2022-11-30,30,1.4472941666666668,29,27,Wednesday
2022-12-01,20,0.9181033333333334,19,12,Thursday
2022-12-02,27,1.1351522222222221,27,13,Friday
2022-12-03,30,0.8029683333333334,21,20,Saturday
2022-12-04,40,1.798108611111111,27,22,Sunday
2022-12-05,56,2.1426441666666665,46,30,Monday
2022-12-06,40,1.6499972222222223,38,26,Tuesday
2022-12-07,40,2.1916722222222225,15,10,Wednesday
2022-12-08,60,3.0080466666666665,41,32,Thursday
2022-12-09,56,2.7853672222222223,24,19,Friday
2022-12-10,19,1.1563119444444445,5,2,Saturday
2022-12-11,84,4.494561388888889,42,18,Sunday
2022-12-12,29,2.0010297222222224,28,14,Monday
2022-12-13,45,2.383827222222222,22,18,Tuesday
2022-12-14,50,1.9103808333333334,33,29,Wednesday
2022-12-15,75,3.7746394444444444,67,35,Thursday
2022-12-16,18,1.2037666666666667,17,6,Friday
2022-12-17,55,2.9023558333333335,48,35,Saturday
2022-12-18,40,1.6881683333333333,25,22,Sunday
2022-12-19,22,1.091406388888889,13,11,Monday
2022-12-20,13,0.7003847222222223,12,11,Tuesday
2022-12-21,33,1.6969297222222222,31,19,Wednesday
2022-12-22,82,4.005238611111111,72,38,Thursday
2022-12-23,83,4.495039722222222,79,56,Friday
2022-12-24,31,1.7467327777777777,31,22,Saturday
2022-12-25,27,1.2789880555555555,27,20,Sunday
2022-12-26,34,1.7531433333333333,32,26,Monday
2022-12-27,51,1.6033097222222223,44,43,Tuesday
2022-12-28,31,1.0917266666666667,28,23,Wednesday
2022-12-29,19,0.6087369444444445,18,14,Thursday
2022-12-30,31,1.1287427777777779,29,22,Friday
2022-12-31,1,0.04078805555555556,1,1,Saturday
2023-01-01,106,6.188142777777777,68,44,Sunday
2023-01-02,41,2.2789908333333333,38,33,Monday
2023-01-03,13,0.032614444444444446,13,10,Tuesday
2023-01-04,45,2.2359333333333336,43,33,Wednesday
2023-01-05,23,1.0136100000000001,20,12,Thursday
2023-01-06,37,1.3407347222222223,35,29,Friday
2023-01-07,15,0.42706194444444445,15,12,Saturday
2023-01-08,12,0.5286280555555556,12,11,Sunday
2023-01-09,60,2.2736069444444444,53,44,Monday
2023-01-10,42,2.3717461111111113,41,34,Tuesday
2023-01-11,59,2.3964797222222223,54,42,Wednesday
2023-01-12,38,2.050961388888889,36,26,Thursday
2023-01-13,56,1.9607627777777779,33,25,Friday
2023-01-14,19,1.3847983333333334,19,16,Saturday
2023-01-15,55,3.0070219444444444,41,13,Sunday
2023-01-16,82,2.2804480555555555,67,40,Monday
2023-01-17,96,4.057857777777778,82,45,Tuesday
2023-01-18,21,1.2200272222222222,20,4,Wednesday
2023-01-19,50,2.6174755555555556,26,25,Thursday
2023-01-20,55,2.1221669444444444,44,36,Friday
2023-01-21,50,2.08943,46,33,Saturday
2023-01-22,45,1.8104230555555556,39,26,Sunday
2023-01-23,66,3.04969,50,24,Monday
2023-01-24,40,1.8478622222222223,24,8,Tuesday
2023-01-25,81,3.781902777777778,64,13,Wednesday
2023-01-26,32,1.8086605555555555,30,5,Thursday
2023-01-27,97,5.246801388888889,76,21,Friday
2023-01-28,60,2.4494283333333335,46,19,Saturday
2023-01-29,105,4.287567222222222,43,23,Sunday
2023-01-30,52,2.3299805555555557,45,13,Monday
2023-01-31,26,1.0476908333333332,22,12,Tuesday
2023-02-01,81,3.524935277777778,69,50,Wednesday
2023-02-02,50,2.4393997222222223,26,13,Thursday
2023-02-03,36,1.532583611111111,26,15,Friday
2023-02-04,71,3.212135,54,24,Saturday
2023-02-05,68,3.5910225000000002,39,4,Sunday
2023-02-06,15,1.4751758333333334,6,3,Monday
2023-02-07,41,2.0851775,31,11,Tuesday
2023-02-08,78,2.589637222222222,33,28,Wednesday
2023-02-09,44,2.1155311111111113,31,28,Thursday
2023-02-10,26,1.3595169444444444,25,24,Friday
2023-02-11,53,2.245043888888889,48,35,Saturday
2023-02-12,79,3.139740833333333,34,32,Sunday
2023-02-13,28,0.8571494444444444,20,20,Monday
2023-02-14,85,3.6860958333333333,50,28,Tuesday
2023-02-15,84,3.5155083333333335,62,43,Wednesday
2023-02-16,43,2.2956494444444444,40,34,Thursday
2023-02-17,55,2.456900833333333,47,43,Friday
2023-02-18,53,2.4768858333333332,37,32,Saturday
2023-02-19,9,0.36699472222222224,8,2,Sunday
2023-02-20,14,0.2702455555555555,13,13,Monday
2023-02-21,63,2.73248,56,27,Tuesday
2023-02-22,43,1.8743877777777778,40,32,Wednesday
2023-02-23,55,1.9704427777777778,52,17,Thursday
2023-02-24,43,1.6192791666666666,40,26,Friday
2023-02-25,11,0.6874805555555555,11,8,Saturday
2023-02-26,57,3.080745,54,28,Sunday
2023-02-27,13,0.6571511111111111,10,7,Monday
2023-02-28,77,4.463420277777778,70,41,Tuesday
2023-03-01,51,1.8047172222222223,44,37,Wednesday
2023-03-02,36,1.8133836111111112,31,21,Thursday
2023-03-03,53,1.6203088888888888,34,18,Friday
2023-03-04,6,0.16414833333333334,6,2,Saturday
2023-03-05,52,2.9360019444444445,49,40,Sunday
2023-03-06,67,1.9741869444444444,39,25,Monday
2023-03-07,32,0.8481544444444444,19,5,Tuesday
2023-03-08,46,2.5196852777777776,42,36,Wednesday
2023-03-09,82,4.157199444444444,80,54,Thursday
2023-03-10,22,0.18142222222222223,5,5,Friday
2023-03-11,43,2.621004166666667,16,4,Saturday
2023-03-12,49,2.284873333333333,45,35,Sunday
2023-03-13,1,0.007211666666666667,1,1,Monday
2023-03-14,99,5.104904722222222,69,56,Tuesday
2023-03-15,37,1.7247547222222224,36,12,Wednesday
2023-03-16,30,1.5676513888888888,25,12,Thursday
2023-03-17,14,0.9385125,14,12,Friday
2023-03-18,73,3.6844908333333333,48,14,Saturday
2023-03-19,43,2.450933611111111,41,10,Sunday
2023-03-20,18,0.6347005555555556,18,14,Monday
2023-03-21,94,1.5222247222222223,55,35,Tuesday
2023-03-22,32,1.8164441666666666,27,15,Wednesday
2023-03-23,48,2.2063805555555556,39,4,Thursday
2023-03-25,44,1.8472383333333333,38,20,Saturday
2023-03-26,15,0.7362397222222222,14,13,Sunday
2023-03-27,42,2.0116325,38,26,Monday
2023-03-28,117,3.3044752777777777,80,51,Tuesday
2023-03-29,53,1.7446797222222221,40,35,Wednesday
2023-03-30,37,1.643801388888889,22,20,Thursday
2023-03-31,64,2.8498025,59,50,Friday
2023-04-01,47,1.7884691666666668,40,37,Saturday
2023-04-02,90,4.62415,32,4,Sunday
2023-04-03,63,3.271455,50,27,Monday
2023-04-04,24,1.2772330555555556,15,1,Tuesday
2023-04-05,56,2.4129416666666668,43,24,Wednesday
2023-04-06,26,1.4954358333333333,15,3,Thursday
2023-04-07,73,2.9159800000000002,39,12,Friday
2023-04-08,104,6.828793888888889,95,47,Saturday
2023-04-09,65,1.9564819444444446,38,26,Sunday
2023-04-10,28,1.3665186111111112,24,18,Monday
2023-04-11,44,2.2390238888888887,40,33,Tuesday
2023-04-12,65,2.6743272222222223,47,21,Wednesday
2023-04-13,46,2.53381,41,18,Thursday
2023-04-14,58,1.8663483333333333,45,35,Friday
2023-04-15,85,3.4910686111111113,45,32,Saturday
2023-04-16,24,1.1172494444444445,22,17,Sunday
2023-04-17,55,2.805435277777778,47,42,Monday
2023-04-18,34,1.7684352777777776,28,26,Tuesday
2023-04-19,32,1.6941811111111111,24,22,Wednesday
2023-04-20,49,2.282968888888889,38,29,Thursday
2023-04-21,58,1.8281044444444445,44,20,Friday
2023-04-22,84,4.307057777777778,66,57,Saturday
2023-04-23,18,0.7972258333333333,16,11,Sunday
2023-04-24,16,0.9300408333333333,16,13,Monday
2023-04-25,22,0.9692611111111111,15,8,Tuesday
2023-04-26,24,1.0892577777777779,8,8,Wednesday
2023-04-27,64,2.0860958333333333,52,33,Thursday
2023-04-28,87,4.1364358333333335,76,60,Friday
2023-04-29,14,0.6891355555555555,12,12,Saturday
2023-04-30,11,0.44120611111111113,7,6,Sunday
2023-05-01,16,0.7769230555555555,15,15,Monday
2023-05-02,46,2.4340052777777776,40,34,Tuesday
2023-05-03,35,1.8613386111111112,31,22,Wednesday
2023-05-04,16,0.7477536111111112,15,13,Thursday
2023-05-05,18,0.6622922222222223,14,10,Friday
2023-05-06,14,0.7131119444444445,11,11,Saturday
2023-05-07,33,1.6446230555555557,28,21,Sunday
2023-05-08,69,3.0708136111111113,55,48,Monday
2023-05-09,41,2.3169480555555557,38,28,Tuesday
2023-05-10,11,0.508235,10,10,Wednesday
2023-05-11,93,3.3419708333333333,70,51,Thursday
2023-05-12,84,3.952277777777778,78,74,Friday
2023-05-13,6,0.2206475,6,6,Saturday
2023-05-14,36,1.3318633333333334,34,28,Sunday
2023-05-15,38,1.2885530555555555,33,29,Monday
2023-05-16,25,1.2539677777777778,25,10,Tuesday
2023-05-17,41,1.4150183333333333,36,26,Wednesday
2023-05-18,5,0.33904833333333334,4,3,Thursday
2023-05-19,72,3.472211666666667,54,29,Friday
2023-05-20,31,1.3362366666666667,21,16,Saturday
2023-05-21,54,1.401911111111111,25,16,Sunday
2023-05-22,32,1.4739641666666667,25,18,Monday
2023-05-23,32,1.6314827777777778,27,20,Tuesday
2023-05-24,31,1.0823605555555555,24,22,Wednesday
2023-05-25,48,1.7896675,6,5,Thursday
2023-05-26,61,2.706325833333333,20,11,Friday
2023-05-27,45,2.1411594444444444,34,15,Saturday
2023-05-28,81,2.04971,50,36,Sunday
2023-05-29,38,1.4653377777777779,33,11,Monday
2023-05-30,49,1.4170977777777778,45,34,Tuesday
2023-05-31,44,2.4762725,37,28,Wednesday
2023-06-01,31,1.2754594444444445,28,19,Thursday
2023-06-02,52,1.535946111111111,32,28,Friday
2023-06-03,47,1.885825,30,30,Saturday
2023-06-04,32,1.5947794444444445,30,13,Sunday
2023-06-05,37,2.0056652777777777,35,35,Monday
2023-06-06,33,1.4643377777777777,32,25,Tuesday
2023-06-07,62,3.2116269444444443,52,47,Wednesday
2023-06-08,38,1.7446972222222221,33,30,Thursday
2023-06-09,59,2.9254469444444444,52,47,Friday
2023-06-10,83,3.544677777777778,65,46,Saturday
2023-06-11,94,4.726624722222223,77,62,Sunday
2023-06-12,43,2.853051388888889,38,21,Monday
2023-06-13,55,2.693043611111111,44,30,Tuesday
2023-06-14,61,3.592613611111111,51,29,Wednesday
2023-06-15,101,4.851330555555555,53,39,Thursday
2023-06-16,112,2.8606705555555556,51,35,Friday
2023-06-17,64,3.3367508333333333,34,24,Saturday
2023-06-18,73,3.2655658333333335,51,39,Sunday
2023-06-19,55,2.611933611111111,32,27,Monday
2023-06-20,52,2.78328,47,39,Tuesday
2023-06-21,70,3.056175,56,46,Wednesday
2023-06-22,78,3.8195472222222224,64,44,Thursday
2023-06-23,47,2.915738611111111,36,24,Friday
2023-06-24,110,5.166755833333333,87,49,Saturday
2023-06-25,31,1.7281266666666666,27,20,Sunday
2023-06-26,46,2.8301475,25,17,Monday
2023-06-27,59,1.9397525,44,23,Tuesday
2023-06-28,25,1.5498511111111113,11,10,Wednesday
2023-06-29,59,3.4592830555555554,37,26,Thursday
2023-06-30,49,3.1347980555555557,36,31,Friday
2023-07-01,43,2.6338291666666667,34,25,Saturday
2023-07-02,146,3.531076666666667,67,52,Sunday
2023-07-03,39,1.7245966666666666,22,19,Monday
2023-07-04,11,0.38598722222222226,1,1,Tuesday
2023-07-05,58,1.4209222222222222,43,33,Wednesday
2023-07-06,45,2.257538333333333,24,17,Thursday
2023-07-07,43,2.5039677777777776,38,17,Friday
2023-07-08,80,1.5166213888888889,41,35,Saturday
2023-07-09,7,0.48855944444444444,7,6,Sunday
2023-07-10,24,0.7136044444444445,21,17,Monday
2023-07-11,8,0.47252583333333337,6,5,Tuesday
2023-07-12,11,0.7849208333333334,6,2,Wednesday
2023-07-14,12,0.5486752777777778,9,4,Friday
2023-07-15,29,1.494161388888889,28,26,Saturday
2023-07-16,37,1.9138158333333333,29,23,Sunday
2023-07-17,17,0.7582136111111111,13,9,Monday
2023-07-18,92,0.7693991666666666,76,26,Tuesday
2023-07-19,19,0.7648744444444444,11,9,Wednesday
2023-07-20,3,0.1592361111111111,1,1,Thursday
2023-07-22,24,1.9905536111111113,18,17,Saturday
2023-07-23,66,2.791434166666667,56,46,Sunday
2023-07-24,4,0.22080694444444446,4,3,Monday
2023-07-25,42,1.7772925,36,35,Tuesday
2023-07-26,35,1.6204166666666666,33,28,Wednesday
2023-07-27,63,3.236068611111111,57,49,Thursday
2023-07-28,103,4.1189052777777775,69,54,Friday
2023-07-29,31,1.2042980555555556,20,3,Saturday
2023-07-30,18,0.7856127777777777,17,4,Sunday
2023-07-31,11,0.23519138888888888,8,7,Monday
2023-08-01,81,4.293483888888889,73,15,Tuesday
2023-08-02,6,0.22218694444444445,6,1,Wednesday
2023-08-03,27,1.3696461111111111,23,14,Thursday
2023-08-04,33,2.0092969444444444,32,11,Friday
2023-08-05,26,1.2726575,20,17,Saturday
2023-08-06,25,1.0072594444444445,22,9,Sunday
2023-08-07,85,3.8657608333333333,24,8,Monday
2023-08-08,13,0.8363477777777778,13,8,Tuesday
2023-08-09,24,0.9987255555555555,17,14,Wednesday
2023-08-10,6,0.14852027777777776,4,1,Thursday
2023-08-11,66,2.925279166666667,48,26,Friday
2023-08-12,44,1.9993566666666667,35,20,Saturday
2023-08-13,51,2.774598888888889,38,16,Sunday
2023-08-14,21,0.6490755555555555,18,12,Monday
2023-08-15,17,0.8516594444444444,9,8,Tuesday
2023-08-16,60,3.392831111111111,54,29,Wednesday
2023-08-17,18,0.989113888888889,4,4,Thursday
2023-08-18,72,3.4904375,61,46,Friday
2023-08-19,41,1.7506677777777777,33,18,Saturday
2023-08-20,52,3.3884338888888887,45,29,Sunday
2023-08-21,16,0.8910591666666667,14,10,Monday
2023-08-22,32,1.4536361111111111,29,18,Tuesday
2023-08-23,29,1.5937036111111111,29,24,Wednesday
2023-08-24,41,1.7442522222222223,33,15,Thursday
2023-08-25,98,4.175051111111111,82,59,Friday
2023-08-26,85,3.9925975,74,57,Saturday
2023-08-27,19,0.6883922222222223,14,14,Sunday
2023-08-28,32,1.5748672222222222,30,27,Monday
2023-08-29,41,1.7430369444444445,28,25,Tuesday
2023-08-30,6,0.17263694444444444,6,2,Wednesday
2023-08-31,12,0.46117444444444444,7,7,Thursday
2023-09-01,23,1.2957997222222222,22,19,Friday
2023-09-02,6,0.29971888888888887,5,5,Saturday
2023-09-03,10,0.48915305555555555,10,9,Sunday
2023-09-04,19,0.9117030555555555,17,13,Monday
2023-09-05,39,2.4641977777777777,38,25,Tuesday
2023-09-06,24,1.2366866666666667,22,19,Wednesday
2023-09-07,81,3.028936388888889,66,51,Thursday
2023-09-08,63,2.94789,55,46,Friday
2023-09-09,15,0.5604297222222222,15,15,Saturday
2023-09-10,30,1.2726358333333334,30,23,Sunday
2023-09-11,41,2.267816388888889,41,35,Monday
2023-09-12,13,0.6120022222222222,11,11,Tuesday
2023-09-13,35,1.8495736111111112,34,31,Wednesday
2023-09-14,44,2.5439966666666667,44,33,Thursday
2023-09-15,12,0.7827283333333334,12,7,Friday
2023-09-16,95,3.9762263888888887,46,37,Saturday
2023-09-17,2,0.09076666666666666,2,2,Sunday
2023-09-18,29,1.38594,23,14,Monday
2023-09-19,22,1.1939577777777777,20,15,Tuesday
2023-09-20,2,0.0917213888888889,2,2,Wednesday
2023-09-21,46,2.399090277777778,22,17,Thursday
2023-09-22,9,0.39279305555555555,7,7,Friday
2023-09-23,15,0.6465272222222223,9,5,Saturday
2023-09-25,53,3.154975,44,23,Monday
2023-09-26,5,0.15784638888888888,5,5,Tuesday
2023-09-27,4,0.1913386111111111,4,3,Wednesday
2023-09-28,43,1.4565969444444444,23,14,Thursday
2023-09-29,5,0.15671694444444445,5,4,Friday
2023-09-30,14,0.2154361111111111,13,10,Saturday
2023-10-01,17,0.8735225,6,6,Sunday
2023-10-02,1,0.05460138888888889,1,1,Monday
2023-10-03,11,0.30638499999999996,7,7,Tuesday
2023-10-04,12,0.6080438888888888,12,8,Wednesday
2023-10-05,22,1.2616472222222221,14,13,Thursday
2023-10-06,17,0.6917594444444445,14,13,Friday
2023-10-08,14,0.6681652777777778,14,12,Sunday
2023-10-09,24,1.3342533333333333,23,14,Monday
2023-10-10,6,0.34080027777777777,4,2,Tuesday
2023-10-12,26,1.1917813888888888,20,9,Thursday
2023-10-13,55,1.9244947222222222,48,28,Friday
2023-10-14,48,2.4222169444444446,42,16,Saturday
2023-10-15,20,0.7843802777777777,18,6,Sunday
2023-10-16,47,1.9278586111111111,28,12,Monday
2023-10-17,68,3.520808611111111,66,28,Tuesday
2023-10-18,45,2.2907744444444442,34,6,Wednesday
2023-10-19,27,2.018648888888889,25,16,Thursday
2023-10-20,31,1.0930686111111112,21,15,Friday
2023-10-21,44,2.949911111111111,43,21,Saturday
2023-10-22,16,0.7288727777777778,11,10,Sunday
2023-10-23,47,2.1802855555555554,36,22,Monday
2023-10-24,69,2.0259691666666666,42,35,Tuesday
2023-10-25,59,2.7899294444444442,50,46,Wednesday
2023-10-26,21,0.9421291666666667,13,13,Thursday
2023-10-27,22,0.8570583333333334,20,18,Friday
2023-10-28,36,1.9904591666666667,35,31,Saturday
2023-10-29,9,0.5806833333333333,9,9,Sunday
2023-10-30,5,0.1669122222222222,5,2,Monday
2023-11-01,18,1.00401,18,1,Wednesday
2023-11-02,13,0.5904486111111111,13,2,Thursday
2023-11-03,55,2.8758325,39,2,Friday
2023-11-04,1,0.04886416666666667,1,1,Saturday
2023-11-05,34,1.4999813888888889,18,3,Sunday
2023-11-06,9,0.33870055555555556,8,1,Monday
2023-11-07,23,1.020121388888889,11,1,Tuesday
2023-11-08,16,0.7506608333333333,11,1,Wednesday
2023-11-09,46,2.123613333333333,11,1,Thursday
2023-11-10,18,0.9504202777777778,17,8,Friday
2023-11-11,20,1.084778888888889,20,3,Saturday
2023-11-12,5,0.2390275,5,1,Sunday
2023-11-13,1,0.052580555555555554,1,1,Monday
2023-11-14,87,1.119126388888889,70,55,Tuesday
2023-11-15,33,2.2249630555555555,16,10,Wednesday
2023-11-16,7,0.45611722222222223,7,6,Thursday
2023-11-17,10,0.40535055555555555,9,8,Friday
2023-11-18,32,1.3467133333333334,16,4,Saturday
2023-11-19,7,0.2855386111111111,6,4,Sunday
2023-11-20,35,2.3218236111111112,14,8,Monday
2023-11-21,37,2.024448611111111,32,23,Tuesday
2023-11-22,26,1.197328611111111,26,24,Wednesday
2023-11-23,15,0.7469938888888888,15,15,Thursday
2023-11-24,24,1.0297677777777778,19,10,Friday
2023-11-25,8,0.4518111111111111,8,2,Saturday
2023-11-26,16,0.95709,16,6,Sunday
2023-11-27,11,0.5837080555555556,11,5,Monday
2023-11-28,43,2.3704830555555554,41,27,Tuesday
2023-11-29,35,1.9696016666666667,34,20,Wednesday
2023-11-30,50,2.8362241666666668,33,9,Thursday
2023-12-01,21,1.355018888888889,20,15,Friday
2023-12-02,7,0.34636833333333333,6,5,Saturday
2023-12-03,6,0.2509283333333333,5,1,Sunday
2023-12-04,29,1.2149480555555556,27,14,Monday
2023-12-06,13,0.6376683333333333,13,12,Wednesday
2023-12-07,42,2.3672544444444443,40,30,Thursday
2023-12-08,27,1.8216436111111112,25,6,Friday
2023-12-09,14,0.7954869444444445,13,1,Saturday
2023-12-10,28,0.06588111111111111,26,25,Sunday
2023-12-11,21,1.0219252777777779,19,17,Monday
2023-12-12,73,2.68403,58,34,Tuesday
2023-12-13,17,1.0035052777777778,16,7,Wednesday
2023-12-14,7,0.5023630555555556,7,5,Thursday
2023-12-15,6,0.44853750000000003,6,5,Friday
2023-12-16,26,1.8580969444444444,24,15,Saturday
2023-12-17,16,0.8539425,14,14,Sunday
2023-12-18,6,0.2926105555555556,6,6,Monday
2023-12-19,2,0.08006222222222223,2,1,Tuesday
2023-12-20,14,0.8816830555555556,14,14,Wednesday
2023-12-21,5,0.22212027777777776,5,5,Thursday
2023-12-22,1,0.07065166666666667,1,1,Friday
2023-12-23,6,0.38084833333333334,6,4,Saturday
2023-12-24,62,1.3636430555555556,24,14,Sunday
2023-12-25,48,3.0265544444444443,46,34,Monday
2023-12-26,21,0.8958994444444445,19,17,Tuesday
2023-12-27,30,1.565196388888889,18,14,Wednesday
2023-12-28,23,1.201725,18,12,Thursday
2023-12-29,22,1.3622533333333333,22,19,Friday
2023-12-30,29,1.9714716666666667,20,14,Saturday
2023-12-31,26,1.1967541666666668,19,14,Sunday
2024-01-01,22,1.3743333333333334,21,15,Monday
2024-01-02,10,0.6246947222222222,9,8,Tuesday
2024-01-03,28,1.5493530555555555,26,20,Wednesday
2024-01-04,18,1.2437,16,10,Thursday
2024-01-05,28,1.3072402777777778,24,18,Friday
2024-01-06,5,0.32213694444444446,4,4,Saturday
2024-01-11,14,0.7459205555555556,14,13,Thursday
2024-01-12,27,1.435233611111111,22,19,Friday
2024-01-13,2,0.03869611111111111,1,1,Saturday
2024-01-14,31,2.1528275,17,11,Sunday
2024-01-15,24,1.2536094444444443,23,21,Monday
2024-01-17,27,1.4958405555555556,23,13,Wednesday
2024-01-18,33,1.8084172222222223,30,27,Thursday
2024-01-19,18,0.8476952777777778,16,2,Friday
2024-01-20,3,0.07573055555555556,3,1,Saturday
2024-01-22,15,0.7506597222222222,14,1,Monday
2024-01-23,24,1.198593611111111,17,2,Tuesday
2024-01-24,36,2.095059722222222,33,22,Wednesday
2024-01-25,35,2.5891144444444443,19,17,Thursday
2024-01-26,6,0.45188083333333334,6,6,Friday
2024-01-27,35,1.5524802777777778,31,20,Saturday
2024-01-28,14,0.5475922222222223,12,3,Sunday
2024-01-29,13,0.6942861111111112,13,8,Monday
2024-01-31,2,0.12763527777777778,2,2,Wednesday
2024-02-02,3,0.07177444444444445,3,3,Friday
2024-02-03,30,1.8254019444444445,26,17,Saturday
2024-02-04,30,2.046911111111111,28,14,Sunday
2024-02-05,15,1.133705,15,7,Monday
2024-02-06,1,0.025516944444444443,1,1,Tuesday
2024-02-07,8,0.5282975,7,7,Wednesday
2024-02-08,12,0.6304822222222222,11,11,Thursday
2024-02-09,8,0.2514838888888889,7,3,Friday
2024-02-10,2,0.0010486111111111113,2,2,Saturday
2024-02-11,16,0.8263202777777777,15,1,Sunday
2024-02-12,10,0.4509111111111111,9,2,Monday
2024-02-13,15,0.9517216666666667,15,12,Tuesday
2024-02-14,14,0.9938486111111111,14,13,Wednesday
2024-02-15,14,1.0305572222222221,13,13,Thursday
2024-02-16,10,0.4938558333333333,9,9,Friday
2024-02-17,17,1.17729,16,14,Saturday
2024-02-18,23,1.4633749999999999,21,19,Sunday
2024-02-19,13,0.8837383333333333,13,12,Monday
2024-02-20,43,1.0505916666666666,18,17,Tuesday
2024-02-21,4,0.08121444444444445,3,3,Wednesday
2024-02-22,29,1.4212758333333333,19,9,Thursday
2024-02-23,4,0.2970469444444444,4,3,Friday
2024-02-25,31,2.2477027777777776,15,5,Sunday
2024-02-26,15,1.0972024999999999,7,3,Monday
2024-02-27,22,1.6307136111111111,15,5,Tuesday
2024-02-28,13,0.5116158333333333,11,4,Wednesday
2024-02-29,15,0.7436516666666666,13,7,Thursday
2024-03-04,8,0.36752416666666665,8,6,Monday
2024-03-05,43,2.3178752777777776,38,7,Tuesday
2024-03-08,12,0.9527669444444444,12,8,Friday
2024-03-10,6,0.058125,6,4,Sunday
2024-03-11,1,0.04183694444444445,1,1,Monday
2024-03-12,24,1.4378863888888889,18,16,Tuesday
2024-03-13,38,2.254571388888889,36,33,Wednesday
2024-03-14,24,1.3410508333333333,23,20,Thursday
2024-03-15,17,0.8205994444444444,13,6,Friday
2024-03-16,4,0.12698805555555556,3,3,Saturday
2024-03-17,10,0.6879222222222222,10,7,Sunday
2024-03-18,24,1.290216388888889,13,3,Monday
2024-03-21,13,0.7427055555555555,7,7,Thursday
2024-03-22,23,1.1677847222222222,12,2,Friday
2024-03-23,55,2.828996111111111,24,2,Saturday
2024-03-24,13,0.6877216666666667,4,1,Sunday
2024-03-25,14,0.7262872222222222,11,1,Monday
2024-03-26,19,0.8045716666666667,12,4,Tuesday
2024-03-27,31,2.1837947222222223,15,5,Wednesday
2024-03-28,4,0.19075916666666665,3,3,Thursday
2024-03-29,4,0.1875647222222222,4,2,Friday
2024-03-30,23,1.1922722222222222,12,2,Saturday
2024-03-31,2,0.012305277777777778,2,1,Sunday
2024-04-01,45,2.36225,9,8,Monday
2024-04-02,56,2.7121816666666665,9,8,Tuesday
2024-04-03,19,1.1197430555555556,16,12,Wednesday
2024-04-04,21,1.2146513888888888,21,20,Thursday
2024-04-05,35,2.0692830555555557,29,26,Friday
2024-04-06,38,1.8655591666666667,23,18,Saturday
2024-04-07,12,0.7174436111111111,10,8,Sunday
2024-04-08,4,0.22405111111111112,4,3,Monday
2024-04-09,15,0.7744536111111111,15,15,Tuesday
2024-04-10,14,0.6656791666666667,13,12,Wednesday
2024-04-11,14,0.5396608333333334,11,10,Thursday
2024-04-12,56,2.644535,45,28,Friday
2024-04-13,68,3.7442558333333333,56,31,Saturday
2024-04-15,43,2.4507238888888887,35,6,Monday
2024-04-16,50,2.3242452777777776,26,20,Tuesday
2024-04-17,16,1.0174441666666667,16,10,Wednesday
2024-04-18,7,0.41481444444444443,6,3,Thursday
2024-04-19,53,3.407109166666667,42,15,Friday
2024-04-20,4,0.258925,4,4,Saturday
2024-04-21,38,2.240423333333333,36,28,Sunday
2024-04-22,2,0.022713888888888888,2,1,Monday
2024-04-23,9,0.6505661111111111,1,1,Tuesday
2024-04-24,2,0.07908,1,1,Wednesday
2024-04-26,46,2.2553258333333335,12,9,Friday
2024-04-27,61,3.2666927777777777,30,21,Saturday
2024-04-28,64,2.7620555555555555,41,30,Sunday
2024-04-29,4,0.15018166666666666,3,3,Monday
2024-04-30,5,0.24492083333333334,4,4,Tuesday
2024-05-01,48,2.0962122222222224,39,33,Wednesday
2024-05-03,1,0.0037155555555555557,1,1,Friday
2024-05-06,44,2.5877322222222223,43,35,Monday
2024-05-07,21,1.1423469444444445,4,3,Tuesday
2024-05-08,20,0.9944513888888888,14,12,Wednesday
2024-05-10,32,2.013744722222222,29,17,Friday
2024-05-11,23,0.7605461111111111,20,19,Saturday
2024-05-12,16,0.8194388888888889,15,10,Sunday
2024-05-13,28,1.3203,28,18,Monday
2024-05-14,40,2.497472777777778,33,15,Tuesday
2024-05-15,19,1.137113888888889,17,8,Wednesday
2024-05-16,50,2.5735555555555556,15,5,Thursday
2024-05-17,14,0.7625755555555556,8,5,Friday
2024-05-18,46,2.4832755555555557,46,31,Saturday
2024-05-19,31,1.4704125,16,2,Sunday
2024-05-21,1,0.058776666666666665,1,1,Tuesday
2024-05-22,24,1.6485641666666666,19,13,Wednesday
2024-05-23,29,1.5744883333333333,23,12,Thursday
2024-05-24,27,1.6261102777777778,26,24,Friday
2024-05-25,19,1.396341111111111,17,17,Saturday
2024-05-26,27,1.787293888888889,26,19,Sunday
2024-05-27,5,0.34913777777777777,4,4,Monday
2024-05-28,5,0.14824666666666667,5,5,Tuesday
2024-05-30,20,1.4972516666666666,20,10,Thursday
2024-05-31,4,0.18589777777777777,3,3,Friday
2024-06-02,25,1.252378888888889,19,13,Sunday
2024-06-04,9,0.43959583333333335,9,4,Tuesday
2024-06-05,3,0.13831916666666666,3,2,Wednesday
2024-06-06,1,0.027995555555555555,1,1,Thursday
2024-06-07,19,1.2599813888888889,15,8,Friday
2024-06-08,27,1.6715711111111111,25,15,Saturday
2024-06-09,34,1.8877827777777778,29,18,Sunday
2024-06-10,1,0.05408222222222222,1,1,Monday
2024-06-11,59,2.854608888888889,25,9,Tuesday
2024-06-12,33,1.7243375,22,6,Wednesday
2024-06-13,7,0.3549191666666667,7,1,Thursday
2024-06-14,42,1.8335891666666666,40,25,Friday
2024-06-15,22,1.3561930555555555,22,4,Saturday
2024-06-16,31,2.1472277777777777,26,15,Sunday
2024-06-17,31,2.1282744444444446,26,15,Monday
2024-06-18,11,0.5759041666666667,10,7,Tuesday
2024-06-19,4,0.17322166666666666,4,4,Wednesday
2024-06-21,6,0.31803805555555553,6,2,Friday
2024-06-22,8,0.3824841666666667,7,4,Saturday
2024-06-23,13,0.8382041666666666,12,7,Sunday
2024-06-24,7,0.2507125,5,2,Monday
2024-06-25,25,1.4316022222222222,23,5,Tuesday
2024-06-26,38,1.6032763888888888,23,18,Wednesday
2024-06-27,1,0.016230277777777777,1,1,Thursday
2024-06-30,6,0.24399833333333334,6,6,Sunday
2024-07-01,3,0.02601111111111111,3,3,Monday
2024-07-02,20,0.8517127777777778,11,1,Tuesday
2024-07-03,15,0.6111811111111111,10,1,Wednesday
2024-07-04,18,0.9119822222222222,17,9,Thursday
2024-07-08,1,0.014245555555555555,1,1,Monday
2024-07-09,8,0.35443444444444444,8,8,Tuesday
2024-07-10,9,0.36814222222222226,9,4,Wednesday
2024-07-11,39,2.4807752777777776,37,20,Thursday
2024-07-12,52,1.0201361111111111,45,37,Friday
2024-07-14,1,0.03165472222222222,1,1,Sunday
2024-07-15,14,0.6860030555555555,13,7,Monday
2024-07-16,7,0.3783138888888889,7,6,Tuesday
2024-07-17,21,0.6496725,15,10,Wednesday
2024-07-18,21,1.1617969444444445,20,10,Thursday
2024-07-19,5,0.29912194444444445,5,4,Friday
2024-07-20,10,0.6597613888888889,9,6,Saturday
2024-07-22,13,0.7149613888888888,12,2,Monday
2024-07-23,4,0.16849638888888888,4,1,Tuesday
2024-07-24,21,1.1554897222222222,12,3,Wednesday
2024-07-25,2,0.08503138888888889,1,1,Thursday
2024-07-26,10,0.48173472222222224,10,6,Friday
2024-07-27,5,0.24273972222222223,4,2,Saturday
2024-07-29,2,0.09660333333333333,2,2,Monday
2024-07-31,40,0.7808730555555555,35,3,Wednesday
2024-08-01,16,0.7309836111111111,12,3,Thursday
2024-08-02,1,0.023421388888888887,1,1,Friday
2024-08-04,1,0.038370555555555554,1,1,Sunday
2024-08-05,7,0.4057938888888889,7,7,Monday
2024-08-06,23,1.4957391666666666,22,19,Tuesday
2024-08-08,1,0.06812583333333333,1,1,Thursday
2024-08-10,6,0.28175222222222224,5,5,Saturday
2024-08-11,10,0.5241925,8,8,Sunday
2024-08-12,6,0.3004619444444444,5,5,Monday
2024-08-13,18,1.1916027777777778,11,10,Tuesday
2024-08-14,6,0.40135583333333336,6,6,Wednesday
2024-08-15,9,0.4631502777777778,8,1,Thursday
2024-08-16,5,0.3036063888888889,5,2,Friday
2024-08-17,1,0.04536777777777778,1,1,Saturday
2024-08-18,33,1.0669577777777777,19,3,Sunday
2024-08-20,6,0.2565236111111111,5,1,Tuesday
2024-08-23,7,0.3508738888888889,7,5,Friday
2024-08-24,2,0.053463055555555555,1,1,Saturday
2024-08-25,39,1.0438480555555556,21,15,Sunday
2024-08-26,1,0.06047916666666667,1,1,Monday
2024-08-27,8,0.26123277777777776,7,6,Tuesday
2024-08-28,52,2.0866177777777777,44,34,Wednesday
2024-08-29,24,1.4374988888888889,24,21,Thursday
2024-08-30,22,1.0648197222222222,19,7,Friday
2024-08-31,6,0.33525555555555553,6,2,Saturday
2024-09-01,20,1.2784122222222223,20,10,Sunday
2024-09-02,6,0.17991138888888888,6,4,Monday
2024-09-03,63,1.6672433333333334,34,15,Tuesday
2024-09-04,26,1.2796411111111112,17,6,Wednesday
2024-09-05,14,0.7221811111111112,11,3,Thursday
2024-09-06,17,0.7040430555555556,14,1,Friday
2024-09-07,38,1.4410452777777778,38,26,Saturday
2024-09-09,12,0.5928525,11,1,Monday
2024-09-11,8,0.24490222222222224,6,1,Wednesday
2024-09-12,51,2.7266447222222223,50,25,Thursday
2024-09-13,6,0.106265,3,1,Friday
2024-09-14,10,0.48778472222222224,4,1,Saturday
2024-09-16,10,0.46390722222222225,4,1,Monday
2024-09-17,14,0.6503880555555556,4,1,Tuesday
2024-09-18,20,0.8993980555555555,13,2,Wednesday
2024-09-19,21,0.9611466666666667,4,1,Thursday
2024-09-20,14,1.0016422222222223,14,9,Friday
2024-09-21,9,0.2332675,6,3,Saturday
2024-09-23,14,0.5852955555555556,12,2,Monday
2024-09-24,5,0.2242963888888889,4,1,Tuesday
2024-09-25,3,0.10777333333333333,3,2,Wednesday
2024-09-26,16,0.8050386111111111,15,1,Thursday
2024-09-27,28,1.1269144444444446,26,22,Friday
2024-09-28,31,1.6757516666666668,21,7,Saturday
2024-09-29,42,1.7954294444444445,40,32,Sunday
2024-09-30,7,0.44309611111111114,7,1,Monday
2024-10-01,9,0.36606194444444445,5,2,Tuesday
2024-10-02,5,0.2703513888888889,5,5,Wednesday
2024-10-03,45,2.530777777777778,40,31,Thursday
2024-10-04,8,0.5074336111111111,8,8,Friday
2024-10-05,27,0.9970630555555555,27,24,Saturday
2024-10-06,1,0.041744722222222225,1,1,Sunday
2024-10-07,9,0.5582925,9,3,Monday
2024-10-08,8,0.2327475,8,8,Tuesday
2024-10-09,30,0.6755147222222222,14,14,Wednesday
2024-10-10,4,0.16911277777777778,3,3,Thursday
2024-10-11,6,0.3468761111111111,6,6,Friday
2024-10-12,43,2.259682777777778,42,23,Saturday
2024-10-13,13,0.8129041666666666,13,11,Sunday
2024-10-14,12,0.5493286111111111,11,9,Monday
2024-10-15,55,2.8383969444444443,52,28,Tuesday
2024-10-16,11,0.46747194444444445,8,8,Wednesday
2024-10-17,7,0.37327916666666666,7,2,Thursday
2024-10-18,29,0.3292838888888889,15,1,Friday
2024-10-20,19,0.1797488888888889,9,2,Sunday
2024-10-21,69,3.199263888888889,61,37,Monday
2024-10-22,13,0.4443786111111111,11,11,Tuesday
2024-10-23,17,0.7496461111111111,15,5,Wednesday
2024-10-24,14,0.7235733333333334,10,6,Thursday
2024-10-25,19,0.8741155555555555,19,12,Friday
2024-10-26,22,1.0486113888888888,12,2,Saturday
2024-10-27,11,0.6755388888888889,11,11,Sunday
2024-10-28,7,0.28772555555555557,6,3,Monday
2024-10-29,64,3.339446111111111,49,33,Tuesday
2024-10-30,21,0.9847705555555556,5,2,Wednesday
2024-10-31,53,1.2427730555555556,35,19,Thursday
2024-11-01,70,3.6145844444444446,32,18,Friday
2024-11-02,91,3.9054341666666668,42,26,Saturday
2024-11-03,56,2.496744722222222,53,41,Sunday
2024-11-04,24,1.3392794444444445,24,17,Monday
2024-11-05,30,1.1834269444444445,17,16,Tuesday
2024-11-06,26,1.3058658333333333,21,9,Wednesday
2024-11-07,27,1.0133355555555557,23,18,Thursday
2024-11-08,25,1.3204672222222222,23,21,Friday
2024-11-09,11,0.4317888888888889,9,9,Saturday
2024-11-10,8,0.3696,8,2,Sunday
2024-11-11,55,0.8053791666666666,22,18,Monday
2024-11-12,9,0.4375061111111111,8,8,Tuesday
2024-11-14,8,0.3209108333333333,6,4,Thursday
2024-11-15,22,0.6818225,21,12,Friday
2024-11-16,24,1.4058130555555555,23,3,Saturday
2024-11-17,2,0.0296375,2,2,Sunday
2024-11-18,4,0.11761888888888888,4,2,Monday
2024-11-19,6,0.2424911111111111,5,1,Tuesday
2024-11-20,50,2.614107777777778,35,19,Wednesday
2024-11-21,7,0.30738305555555556,6,2,Thursday
2024-11-23,3,0.10961055555555556,2,1,Saturday
2024-11-24,4,0.20930333333333334,4,4,Sunday
2024-11-25,28,1.1877355555555555,26,21,Monday
2024-11-26,5,0.2490663888888889,5,5,Tuesday
2024-11-27,22,0.5098933333333333,11,9,Wednesday
2024-11-29,10,0.4904077777777778,10,9,Friday
2024-11-30,42,2.2570141666666665,42,36,Saturday
2024-12-01,5,0.2282,5,4,Sunday
2024-12-02,10,0.5059569444444445,9,9,Monday
2024-12-03,14,0.5875411111111111,13,10,Tuesday
2024-12-05,25,0.2545127777777778,18,10,Thursday
2024-12-07,4,0.1907661111111111,4,2,Saturday
2024-12-09,1,0.06019722222222222,1,1,Monday
2024-12-10,10,0.4616075,9,7,Tuesday
2024-12-12,9,0.4546738888888889,9,7,Thursday
2024-12-13,1,0.02854027777777778,1,1,Friday
2024-12-14,2,0.10335722222222221,2,1,Saturday
2024-12-16,37,1.881275,22,18,Monday
2024-12-17,75,3.151488611111111,38,26,Tuesday
2024-12-18,5,0.04403611111111111,5,4,Wednesday
2024-12-19,8,0.3218669444444444,4,4,Thursday
2024-12-20,10,0.4279988888888889,8,8,Friday
2024-12-21,12,0.6099305555555555,11,9,Saturday
2024-12-22,12,0.53133,11,10,Sunday
2024-12-23,34,1.3448355555555556,18,14,Monday
2024-12-24,11,0.6333022222222222,9,8,Tuesday
2024-12-26,18,0.6952174999999999,17,14,Thursday
2024-12-27,11,0.5055988888888888,10,8,Friday
2024-12-28,5,0.3276952777777778,5,5,Saturday
2024-12-29,52,2.4804691666666665,27,14,Sunday
2024-12-30,30,1.315545,23,19,Monday
2025-01-01,5,0.17672916666666666,5,5,Wednesday
2025-01-02,15,0.8006102777777778,12,6,Thursday
2025-01-03,35,1.987638611111111,32,25,Friday
2025-01-05,17,1.3536405555555555,16,13,Sunday
2025-01-06,9,0.4953197222222222,8,1,Monday
2025-01-07,1,0.025965833333333334,1,1,Tuesday
2025-01-08,87,2.094611111111111,50,34,Wednesday
2025-01-09,39,2.6298669444444442,36,28,Thursday
2025-01-12,11,0.4989708333333333,10,8,Sunday
2025-01-14,26,1.5523872222222221,24,20,Tuesday
2025-01-15,5,0.27788972222222225,5,3,Wednesday
2025-01-16,14,0.9752469444444445,14,10,Thursday
2025-01-17,13,0.7089419444444444,9,9,Friday
2025-01-18,1,0.03758333333333334,1,1,Saturday
2025-01-19,55,3.6366644444444445,32,5,Sunday
2025-01-20,14,0.8178763888888889,13,11,Monday
2025-01-21,7,0.5616616666666666,7,7,Tuesday
2025-01-22,18,1.0717144444444444,16,12,Wednesday
2025-01-23,22,1.611026388888889,18,14,Thursday
2025-01-24,5,0.06912472222222221,5,4,Friday
2025-01-25,18,0.8022277777777778,8,1,Saturday
2025-01-27,24,0.5563905555555556,16,2,Monday
2025-01-28,4,0.17743027777777778,3,1,Tuesday
2025-01-29,6,0.33720972222222223,5,1,Wednesday
2025-01-30,3,0.10356694444444445,2,2,Thursday
2025-01-31,33,2.1364330555555555,31,19,Friday
2025-02-02,28,1.4024016666666665,15,7,Sunday
2025-02-03,4,0.1939763888888889,4,4,Monday
2025-02-04,12,0.6263130555555555,12,4,Tuesday
2025-02-05,15,1.1670647222222221,15,11,Wednesday
2025-02-06,78,4.88737,62,34,Thursday
2025-02-07,11,0.4981638888888889,10,2,Friday
2025-02-09,2,0.08178027777777777,2,1,Sunday
2025-02-10,1,0.043125,1,1,Monday
2025-02-12,8,0.41124777777777777,7,7,Wednesday
2025-02-13,4,0.1651325,3,3,Thursday
2025-02-14,7,0.4219455555555556,5,2,Friday
2025-02-15,11,0.5227186111111111,9,4,Saturday
2025-02-16,8,0.19643777777777777,8,7,Sunday
2025-02-17,18,0.89946,17,4,Monday
2025-02-18,5,0.23579944444444445,5,1,Tuesday
2025-02-19,14,0.4869894444444444,11,6,Wednesday
2025-02-20,13,0.4323858333333333,11,4,Thursday
2025-02-21,10,0.4549038888888889,9,2,Friday
2025-02-22,1,0.013517777777777778,1,1,Saturday
2025-02-23,6,0.27814361111111113,6,6,Sunday
2025-02-24,21,0.8721925,19,5,Monday
2025-02-25,16,0.4958772222222222,8,3,Tuesday
2025-02-26,40,1.9498513888888889,18,9,Wednesday
2025-02-27,52,1.3846611111111111,41,23,Thursday
2025-02-28,12,0.5335858333333333,11,3,Friday
2025-03-02,27,1.509333611111111,27,25,Sunday
2025-03-03,1,0.004296111111111111,1,1,Monday
2025-03-04,18,0.6400519444444445,16,7,Tuesday
2025-03-05,32,0.7129266666666666,28,14,Wednesday
2025-03-06,2,0.06188222222222222,2,2,Thursday
2025-03-07,10,0.491595,9,5,Friday
2025-03-08,9,0.34000555555555556,8,2,Saturday
2025-03-09,10,0.5089902777777777,10,2,Sunday
2025-03-10,7,0.24138500000000002,3,3,Monday
2025-03-12,16,0.7748072222222222,16,8,Wednesday
2025-03-13,42,2.6177247222222224,39,26,Thursday
2025-03-14,27,1.7238272222222224,10,6,Friday
2025-03-15,15,0.8831308333333333,11,9,Saturday
2025-03-16,5,0.1474325,5,4,Sunday
2025-03-18,46,2.3297044444444444,44,5,Tuesday
2025-03-19,62,3.226735,53,25,Wednesday
2025-03-20,20,1.115583888888889,13,7,Thursday
2025-03-21,29,1.5220413888888888,28,11,Friday
2025-03-22,22,1.0205044444444444,16,18,Saturday
2025-03-23,65,3.2694394444444446,55,33,Sunday
2025-03-24,15,0.7187208333333334,15,9,Monday
2025-03-25,41,2.1039802777777776,26,20,Tuesday
2025-03-26,38,1.6332044444444445,34,30,Wednesday
2025-03-27,34,1.4657980555555554,33,25,Thursday
2025-03-28,48,2.5732244444444445,27,18,Friday
2025-03-29,7,0.28490777777777776,6,3,Saturday
2025-03-30,19,0.9251458333333333,18,8,Sunday
2025-03-31,1,0.05302472222222222,1,1,Monday
2025-04-02,12,0.5580752777777778,11,10,Wednesday
2025-04-03,20,0.8774722222222222,12,11,Thursday
2025-04-04,107,6.175020833333333,55,42,Friday
2025-04-05,14,0.8190038888888889,8,7,Saturday
2025-04-06,18,0.48412638888888887,16,3,Sunday
2025-04-07,5,0.2244238888888889,5,4,Monday
2025-04-08,31,1.6899233333333332,28,18,Tuesday
2025-04-09,3,0.11447388888888889,2,1,Wednesday
2025-04-10,4,0.09725861111111112,2,1,Thursday
2025-04-11,24,1.2774394444444443,20,8,Friday
2025-04-12,23,1.2436,22,18,Saturday
2025-04-13,48,2.593818888888889,46,23,Sunday
2025-04-15,3,0.08763027777777779,2,2,Tuesday
2025-04-16,22,1.093671111111111,21,18,Wednesday
2025-04-17,3,0.22246416666666669,3,2,Thursday
2025-04-18,10,0.6899433333333334,10,9,Friday
2025-04-19,20,1.0818719444444445,20,16,Saturday
2025-04-20,89,4.858247222222222,87,47,Sunday
2025-04-21,9,0.46889888888888887,8,7,Monday
2025-04-22,18,1.0491072222222222,16,15,Tuesday
2025-04-23,4,0.16549333333333333,4,3,Wednesday
2025-04-24,3,0.11529972222222222,3,3,Thursday
2025-04-25,12,0.7044133333333333,12,5,Friday
2025-04-26,33,1.285926388888889,31,18,Saturday
2025-04-27,21,0.9942611111111112,19,7,Sunday
2025-04-28,26,1.2437722222222223,24,17,Monday
2025-04-29,31,1.792526388888889,30,28,Tuesday
2025-04-30,22,1.2634069444444445,22,21,Wednesday
2025-05-01,30,1.569676111111111,26,22,Thursday
2025-05-03,17,0.9685680555555556,17,14,Saturday
2025-05-04,7,0.44114555555555557,7,7,Sunday
2025-05-05,17,1.103571111111111,16,14,Monday
2025-05-06,7,0.2630461111111111,5,4,Tuesday
2025-05-07,10,0.1762797222222222,7,4,Wednesday
2025-05-08,39,2.502185,37,28,Thursday
2025-05-09,29,1.8813238888888888,26,16,Friday
2025-05-10,9,0.5052794444444444,9,2,Saturday
2025-05-11,1,0.0285375,1,1,Sunday
2025-05-12,16,0.8977877777777777,16,16,Monday
2025-05-13,33,1.5523175,26,23,Tuesday
2025-05-14,4,0.17963694444444445,4,3,Wednesday
2025-05-15,21,1.0741825,19,13,Thursday
2025-05-16,14,0.7248755555555556,12,12,Friday
2025-05-17,70,3.42298,67,46,Saturday
2025-05-18,1,0.0103575,1,1,Sunday
2025-05-19,15,0.8148875,15,13,Monday
2025-05-20,47,2.4160175,46,21,Tuesday
2025-05-21,15,0.7672497222222222,15,1,Wednesday
2025-05-22,5,0.13527555555555557,5,4,Thursday
2025-05-24,85,4.4033380555555555,39,33,Saturday
2025-05-25,28,0.6765533333333333,27,23,Sunday
2025-05-26,56,1.3635130555555555,32,22,Monday
2025-05-27,12,0.1552147222222222,12,12,Tuesday
2025-05-28,5,0.25610805555555555,5,5,Wednesday
2025-05-29,20,1.0442988888888889,16,14,Thursday
2025-05-30,26,1.2945416666666667,15,13,Friday
2025-05-31,9,0.2778186111111111,9,4,Saturday
2025-06-01,91,3.6002252777777777,84,19,Sunday
2025-06-02,231,9.001748611111111,89,17,Monday
2025-06-03,22,0.9583877777777778,20,16,Tuesday
2025-06-04,30,1.4922680555555556,28,9,Wednesday
2025-06-05,10,0.4013233333333333,9,9,Thursday
2025-06-06,57,2.45429,54,20,Friday
2025-06-07,93,4.119278888888889,80,29,Saturday
2025-06-08,1,0.011371111111111111,1,1,Sunday
2025-06-09,27,1.0946975,24,21,Monday
2025-06-10,48,1.6126294444444444,45,28,Tuesday
2025-06-11,13,0.44815194444444445,13,11,Wednesday
2025-06-12,76,3.2405425,57,32,Thursday
2025-06-13,32,1.356503611111111,32,5,Friday
2025-06-14,16,0.4880925,15,12,Saturday
2025-06-15,15,0.838755,14,10,Sunday
2025-06-16,38,1.9048697222222222,36,14,Monday
2025-06-17,27,1.3440491666666667,22,10,Tuesday
2025-06-18,53,2.7966230555555556,18,6,Wednesday
2025-06-19,4,0.16793750000000002,2,2,Thursday
2025-06-20,25,1.8129908333333333,12,11,Friday
2025-06-21,59,2.9424908333333333,45,35,Saturday
2025-06-22,38,2.756489166666667,22,18,Sunday
2025-06-23,14,0.7943266666666666,14,12,Monday
2025-06-24,15,0.54717,15,1,Tuesday
2025-06-26,13,0.834541388888889,11,10,Thursday
2025-06-27,7,0.3561783333333333,7,3,Friday
2025-06-28,41,2.1054955555555557,22,16,Saturday
2025-06-29,40,2.6626213888888888,28,20,Sunday
2025-06-30,20,1.2794427777777777,19,14,Monday
2025-07-01,33,1.008705,30,27,Tuesday
2025-07-02,20,0.8543363888888889,14,8,Wednesday
2025-07-03,5,0.31743194444444445,1,1,Thursday
2025-07-04,23,0.9385461111111111,16,16,Friday
2025-07-05,52,2.434641111111111,44,31,Saturday
2025-07-06,20,1.1721872222222223,20,15,Sunday
2025-07-07,18,0.5149405555555555,14,14,Monday
2025-07-08,47,1.9405430555555556,31,30,Tuesday
2025-07-09,26,1.1901533333333334,20,19,Wednesday
2025-07-10,46,1.8995847222222222,40,32,Thursday
2025-07-11,16,0.3878813888888889,9,8,Friday
2025-07-12,16,0.6856436111111112,14,14,Saturday
2025-07-13,10,0.5801769444444445,10,9,Sunday
2025-07-14,12,0.5548638888888888,11,6,Monday
2025-07-15,44,1.4577247222222223,41,26,Tuesday
2025-07-16,53,2.771275833333333,42,36,Wednesday
2025-07-17,5,0.09338444444444445,3,3,Thursday
2025-07-18,27,1.33306,25,21,Friday
2025-07-19,42,1.6538077777777778,27,23,Saturday
2025-07-20,59,2.665263888888889,52,37,Sunday
2025-07-21,38,1.7380380555555557,32,29,Monday
2025-07-23,15,0.7341197222222222,15,13,Wednesday
2025-07-24,5,0.18135583333333333,5,4,Thursday
2025-07-25,60,2.678792777777778,50,30,Friday
2025-07-26,8,0.30998,8,7,Saturday
2025-07-27,36,1.5362619444444445,28,15,Sunday
2025-07-28,54,3.346288888888889,42,38,Monday
2025-07-29,4,0.16516444444444445,3,3,Tuesday
2025-07-30,24,1.0332647222222222,19,17,Wednesday
2025-07-31,15,0.7958963888888889,12,11,Thursday
2025-08-01,3,0.012260833333333334,3,3,Friday
2025-08-02,6,0.2095027777777778,4,4,Saturday
2025-08-03,22,1.2375280555555557,18,17,Sunday
2025-08-04,23,1.6116277777777779,22,18,Monday
2025-08-05,36,1.8856566666666668,30,24,Tuesday
2025-08-06,61,2.121945833333333,45,32,Wednesday
2025-08-07,52,1.7065547222222222,26,20,Thursday
2025-08-08,20,1.0449341666666667,15,14,Friday
2025-08-09,2,0.06610666666666667,2,2,Saturday
2025-08-10,31,1.3382572222222222,19,17,Sunday
2025-08-11,39,2.169363888888889,38,36,Monday
2025-08-12,20,1.218048611111111,19,19,Tuesday
2025-08-13,45,1.9125230555555555,43,37,Wednesday
2025-08-14,33,1.7295408333333333,29,29,Thursday
2025-08-15,12,0.6533888888888889,11,11,Friday
2025-08-16,57,2.7084522222222223,55,53,Saturday
2025-08-17,3,0.23174972222222223,3,2,Sunday
2025-08-18,22,1.4993583333333333,12,12,Monday
2025-08-19,87,1.7586775000000001,55,49,Tuesday
2025-08-20,31,1.5745827777777777,10,10,Wednesday
2025-08-22,5,0.190225,3,2,Friday
2025-08-23,1,0.05660361111111111,1,1,Saturday
2025-08-24,12,0.5071222222222223,11,9,Sunday
2025-08-25,16,0.9755188888888889,12,12,Monday
2025-08-26,22,1.5216838888888888,13,11,Tuesday
2025-08-27,17,1.1076625,12,10,Wednesday
2025-08-28,1,0.06909222222222222,1,1,Thursday
2025-08-29,9,0.4632994444444445,7,7,Friday
2025-08-30,15,0.8719983333333333,14,14,Saturday
2025-08-31,7,0.38812277777777776,6,6,Sunday
2025-09-01,27,1.7201405555555556,23,14,Monday
2025-09-02,37,2.1730766666666668,19,11,Tuesday
2025-09-03,52,1.2450488888888889,32,12,Wednesday
2025-09-04,41,0.6906547222222222,33,10,Thursday
2025-09-05,22,0.5055552777777778,10,7,Friday
2025-09-06,8,0.4127238888888889,6,2,Saturday
2025-09-07,12,0.38475138888888893,11,8,Sunday
2025-09-08,16,0.9215088888888889,12,4,Monday
2025-09-09,7,0.3338463888888889,5,3,Tuesday
2025-09-10,13,0.7077052777777778,7,4,Wednesday
2025-09-11,31,1.995528888888889,21,13,Thursday
2025-09-12,25,1.5110088888888888,18,10,Friday
2025-09-13,45,3.019773333333333,21,13,Saturday
2025-09-14,14,0.7214252777777778,13,6,Sunday
2025-09-15,3,0.14994527777777777,2,1,Monday
2025-09-17,23,1.663618888888889,18,10,Wednesday
2025-09-18,7,0.22821972222222223,5,4,Thursday
2025-09-19,36,1.8785358333333333,33,22,Friday
2025-09-20,23,0.7716411111111111,18,17,Saturday
2025-09-21,1,8.333333333333333e-05,1,1,Sunday
2025-09-22,18,1.0460983333333334,18,14,Monday
2025-09-23,13,0.613685,12,4,Tuesday
2025-09-24,25,0.8943061111111111,25,1,Wednesday
2025-09-27,24,1.2384,20,6,Saturday
2025-09-28,2,0.05617166666666667,1,1,Sunday
2025-09-29,17,0.7864347222222222,15,3,Monday
2025-09-30,16,0.7939441666666667,14,1,Tuesday
2025-10-01,16,0.9552177777777777,13,5,Wednesday
2025-10-02,4,0.23117916666666666,4,2,Thursday
2025-10-03,11,0.39546416666666667,7,3,Friday
2025-10-04,12,0.5384372222222222,12,12,Saturday
2025-10-06,5,0.20912916666666667,5,5,Monday
2025-10-07,22,0.9758275,20,17,Tuesday
2025-10-09,20,1.5281027777777778,16,14,Thursday
2025-10-10,8,0.4284983333333333,7,7,Friday
